--
-- Script was generated by Devart dbForge Studio 2020 for MySQL, Version 9.0.338.0
-- Product home page: http://www.devart.com/dbforge/mysql/studio
-- Script date 8/28/2022 12:13:51 PM
-- Server version: 8.0.30
-- Client version: 4.1
--

-- 
-- Disable foreign keys
-- 
/*!40014 SET @OLD_FOREIGN_KEY_CHECKS=@@FOREIGN_KEY_CHECKS, FOREIGN_KEY_CHECKS=0 */;

-- 
-- Set SQL mode
-- 
/*!40101 SET @OLD_SQL_MODE=@@SQL_MODE, SQL_MODE='NO_AUTO_VALUE_ON_ZERO' */;

-- 
-- Set character set the client will use to send SQL statements to the server
--
SET NAMES 'utf8';

--
-- Set default database
--
USE `misa.web07.hcsn.diep`;

--
-- Drop procedure `Proc_asset_GetPaging`
--
DROP PROCEDURE IF EXISTS Proc_asset_GetPaging;

--
-- Drop procedure `Proc_Fixed_Asset_OneInsert`
--
DROP PROCEDURE IF EXISTS Proc_Fixed_Asset_OneInsert;

--
-- Drop procedure `Proc_Fixed_Asset_Update`
--
DROP PROCEDURE IF EXISTS Proc_Fixed_Asset_Update;

--
-- Drop table `fixed_asset`
--
DROP TABLE IF EXISTS fixed_asset;

--
-- Drop table `department`
--
DROP TABLE IF EXISTS department;

--
-- Drop table `fixed_asset_category`
--
DROP TABLE IF EXISTS fixed_asset_category;

--
-- Set default database
--
USE `misa.web07.hcsn.diep`;

--
-- Create table `fixed_asset_category`
--
CREATE TABLE fixed_asset_category (
  FixedAssetCategoryID char(36) NOT NULL DEFAULT '' COMMENT 'Id loại tài sản',
  FixedAssetCategoryCode varchar(50) NOT NULL DEFAULT '' COMMENT 'Mã loại tài sản',
  FixedAssetCategoryName varchar(255) NOT NULL DEFAULT '' COMMENT 'Tên loại tài sản',
  Note varchar(500) DEFAULT NULL COMMENT 'Ghi chú',
  CreatedBy varchar(50) DEFAULT NULL COMMENT 'Người tạo',
  CreatedDate timestamp NULL DEFAULT NULL COMMENT 'Ngày tạo',
  ModifiedBy varchar(50) DEFAULT NULL COMMENT 'Người sửa',
  ModifiedDate timestamp NULL DEFAULT NULL COMMENT 'Ngày sửa',
  PRIMARY KEY (FixedAssetCategoryID)
)
ENGINE = INNODB,
AVG_ROW_LENGTH = 282,
CHARACTER SET utf8mb4,
COLLATE utf8mb4_general_ci,
COMMENT = 'Bảng thông tin loại tài sản';

--
-- Create index `fixed_asset_category_code` on table `fixed_asset_category`
--
ALTER TABLE fixed_asset_category
ADD UNIQUE INDEX fixed_asset_category_code (FixedAssetCategoryCode);

--
-- Create table `department`
--
CREATE TABLE department (
  DepartmentID char(36) NOT NULL DEFAULT '' COMMENT 'ID bộ phận',
  DepartmentCode varchar(50) NOT NULL DEFAULT '' COMMENT 'Mã bộ phận',
  DepartmentName varchar(255) NOT NULL DEFAULT '' COMMENT 'Tên bộ phận',
  Note varchar(500) DEFAULT NULL COMMENT 'Ghi chú',
  CreatedBy varchar(50) DEFAULT NULL COMMENT 'Người tạo',
  CreatedDate timestamp NULL DEFAULT CURRENT_TIMESTAMP COMMENT 'Ngày tạo',
  ModifiedBy varchar(50) DEFAULT NULL COMMENT 'Người sửa',
  ModifiedDate timestamp NULL DEFAULT CURRENT_TIMESTAMP COMMENT 'Ngày sửa',
  PRIMARY KEY (DepartmentID)
)
ENGINE = INNODB,
AVG_ROW_LENGTH = 4096,
CHARACTER SET utf8mb4,
COLLATE utf8mb4_general_ci,
COMMENT = 'Bảng thông tin bộ phận';

--
-- Create index `department_code` on table `department`
--
ALTER TABLE department
ADD UNIQUE INDEX department_code (DepartmentCode);

--
-- Create table `fixed_asset`
--
CREATE TABLE fixed_asset (
  FixedAssetID char(36) NOT NULL DEFAULT '' COMMENT 'Id tài sản',
  FixedAssetCode varchar(100) DEFAULT NULL COMMENT 'Mã tài sản',
  FixedAssetName varchar(255) DEFAULT NULL COMMENT 'Tên tài sản',
  DepartmentID char(36) DEFAULT NULL COMMENT 'Id phòng ban',
  FixedAssetCategoryID char(36) DEFAULT NULL COMMENT 'Id loại tài sản',
  PurchaseDate datetime DEFAULT CURRENT_TIMESTAMP COMMENT 'Ngày mua',
  Cost decimal(19, 4) DEFAULT NULL COMMENT 'Nguyên giá',
  Quantity int DEFAULT 0 COMMENT 'Số lượng',
  DepreciationRate float DEFAULT NULL COMMENT 'Tỉ lệ hao mòn (%)',
  TrackedYear int DEFAULT NULL COMMENT 'Năm bắt đầu theo dõi tài sản',
  LifeTime int DEFAULT 0 COMMENT 'Số năm sử dụng',
  CreatedBy varchar(50) DEFAULT NULL COMMENT 'Người tạo',
  CreatedDate datetime DEFAULT CURRENT_TIMESTAMP COMMENT 'Ngày tạo',
  ModifiedBy varchar(50) DEFAULT NULL COMMENT 'Người sửa',
  ModifiedDate datetime DEFAULT CURRENT_TIMESTAMP COMMENT 'Ngày sửa',
  ProductionDate datetime DEFAULT CURRENT_TIMESTAMP COMMENT 'Ngày sử dụng',
  DepreciationYear decimal(18, 4) DEFAULT 1000.0000 COMMENT 'giá trị hao mòn năm',
  PRIMARY KEY (FixedAssetID)
)
ENGINE = INNODB,
AVG_ROW_LENGTH = 386,
CHARACTER SET utf8mb4,
COLLATE utf8mb4_general_ci,
COMMENT = 'Bảng thông tin tài sản';

--
-- Create index `asset_code` on table `fixed_asset`
--
ALTER TABLE fixed_asset
ADD UNIQUE INDEX asset_code (FixedAssetCode);

--
-- Create index `IDX_fixed_asset_FixedAssetName` on table `fixed_asset`
--
ALTER TABLE fixed_asset
ADD INDEX IDX_fixed_asset_FixedAssetName (FixedAssetName);

--
-- Create index `UK_fixed_asset_FixedAssetCode` on table `fixed_asset`
--
ALTER TABLE fixed_asset
ADD UNIQUE INDEX UK_fixed_asset_FixedAssetCode (FixedAssetCode);

--
-- Create foreign key
--
ALTER TABLE fixed_asset
ADD CONSTRAINT FK_fixed_asset_department_DepartmentID FOREIGN KEY (DepartmentID)
REFERENCES department (DepartmentID);

--
-- Create foreign key
--
ALTER TABLE fixed_asset
ADD CONSTRAINT FK_fixed_asset_fixed_asset_category_FixedAssetCategoryID FOREIGN KEY (FixedAssetCategoryID)
REFERENCES fixed_asset_category (FixedAssetCategoryID);

DELIMITER $$

--
-- Create procedure `Proc_Fixed_Asset_Update`
--
CREATE DEFINER = 'root'@'localhost'
PROCEDURE Proc_Fixed_Asset_Update (IN FixedAssetCode varchar(100), IN FixedAssetName varchar(255), IN DepartmentID char(36), IN FixedAssetCategoryID char(36), IN PurchaseDate datetime, IN Cost decimal(18, 4), IN Quantity int, IN DepreciationRate float, IN TrackedYear int, IN LifeTime int, IN CreatedBy varchar(50), IN CreatedDate datetime, IN ModifiedBy varchar(50), IN ModifiedDate datetime, IN ProductionDate datetime, IN DepreciationYear int)
BEGIN
  UPDATE fixed_asset
  SET FixedAssetName = FixedAssetName,
      DepartmentID = DepartmentID,
      FixedAssetCategoryID = FixedAssetCategoryID,
      PurchaseDate = PurchaseDate,
      Cost = Cost,
      Quantity = Quantity,
      DepreciationRate = DepreciationRate,
      TrackedYear = TrackedYear,
      LifeTime = LifeTime,
      CreatedBy = CreatedBy,
      CreatedDate = CreatedDate,
      ModifiedBy = ModifiedBy,
      ModifiedDate = NOW(),
      ProductionDate = ProductionDate
  WHERE FixedAssetID = FixedAssetID
  ;
END
$$

--
-- Create procedure `Proc_Fixed_Asset_OneInsert`
--
CREATE DEFINER = 'root'@'localhost'
PROCEDURE Proc_Fixed_Asset_OneInsert (IN FixedAssetID char(36), IN FixedAssetCode varchar(100), IN FixedAssetName varchar(255), IN DepartmentID char(36), IN FixedAssetCategoryID char(36), IN PurchaseDate datetime, IN Cost decimal(18, 4), IN Quantity int, IN DepreciationRate float, IN TrackedYear int, IN LifeTime int, IN CreatedBy varchar(50), IN CreatedDate datetime, IN ModifiedBy varchar(50), IN ModifiedDate datetime, IN ProductionDate datetime, IN DepreciationYear int)
BEGIN

  INSERT INTO fixed_asset (FixedAssetID,
  FixedAssetCode
  , FixedAssetName
  , DepartmentID
  , FixedAssetCategoryID
  , PurchaseDate
  , Cost
  , Quantity
  , DepreciationRate
  , TrackedYear
  , LifeTime
  , CreatedBy
  , CreatedDate
  , ModifiedBy
  , ModifiedDate
  , ProductionDate
  , DepreciationYear)
    VALUES (FixedAssetID, FixedAssetCode, FixedAssetName, DepartmentID, FixedAssetCategoryID, PurchaseDate, Cost, Quantity, DepreciationRate, TrackedYear, LifeTime, CreatedBy, NOW(), ModifiedBy, NOW(), ProductionDate, DepreciationYear);
END
$$

--
-- Create procedure `Proc_asset_GetPaging`
--
CREATE PROCEDURE Proc_asset_GetPaging (IN v_Offset int, IN v_Limit int, IN v_Sort varchar(100), IN v_Where varchar(1000))
SQL SECURITY INVOKER
BEGIN
  -- =============================================
  -- Author:        BuiQuangDiep
  -- Created date:  11/08/2022
  -- Description:   Lấy danh sách tài sản và tổng số nhân viên có phân trang
  -- Modified by:   
  -- Code chạy thử: CALL `misa.web07.hcsn.diep`.Proc_asset_GetPaging(0, 10, NULL, "EmployeeName like '%Trường%'");
  -- =============================================
  -- IF NULL LÀ 1 HÀM THAM SỐ ĐẦU VÀO
  -- Tham số đầu vào thứ 2 là giá trị mặc định nếu chuỗi kiểm tra là null
  -- Nếu chuỗi kiểm tra không null thì trả vè chính nó
  IF IFNULL(v_Where, '') = '' THEN
    SET v_Where = '1=1';
  END IF;

  IF IFNULL(v_Sort, '') = '' THEN
    SET v_Sort = 'ModifiedDate DESC';
  END IF;

  IF v_Limit = -1 THEN
    SET @filterQuery = CONCAT('SELECT * FROM fixed_asset WHERE ', v_Where, ' ORDER BY ', v_Sort);
  ELSE
    SET @filterQuery = CONCAT('SELECT * FROM fixed_asset WHERE ', v_Where, ' ORDER BY ', v_Sort, ' LIMIT ', v_Offset, ',', v_Limit);
  END IF;

  PREPARE filterQuery FROM @filterQuery;
  EXECUTE filterQuery;
  DEALLOCATE PREPARE filterQuery;

  SET @filterQuery = CONCAT('SELECT count(FixedAssetID) AS TotalCount FROM fixed_asset WHERE ', v_Where);
  PREPARE filterQuery FROM @filterQuery;
  EXECUTE filterQuery;
  DEALLOCATE PREPARE filterQuery;
END
$$

DELIMITER ;

-- 
-- Dumping data for table fixed_asset_category
--
INSERT INTO fixed_asset_category VALUES
('12437806-26ac-3517-9c0b-87ae14180c33', 'LTS516', '\r\nXe sửa chữa điện', NULL, 'Trân Thị Thuận', '2022-01-01 00:00:14', 'Nguyễn Thị Bằng', '2022-02-20 19:41:48'),
('13548f3b-37b7-728f-ff83-196123975cb2', 'LTS936', '\r\nVật kiến trúc', NULL, 'Nguyễn Thị Mạnh', '2022-02-16 08:20:19', 'Mai Thị Linh', '2022-05-16 21:20:21'),
('148ed882-32b8-218e-9c20-39c2f00615e8', 'LTS627', '\r\nTàu biển chở hàng hóa', NULL, 'Nguyễn Thị Trường', '2022-05-30 15:47:03', 'Trân Ngọc Ly', '2022-07-22 15:41:07'),
('14ee7bc0-194c-3948-57be-406293204378', 'LTS433', '\r\nXe chở diễn viên, vận động viên', NULL, 'Nguyễn Thị Loan', '2022-02-19 08:04:02', 'Nguyễn Minh Hoàng', '2022-01-16 11:18:41'),
('15cb3909-1246-2add-33de-23e177779933', 'LTS795', '\r\nXe hộ đê', NULL, 'Lê Thị Giang', '2022-06-01 22:25:33', 'Nông Thái Hoàng', '2022-01-01 00:01:05'),
('15d0d796-1465-4665-fc83-196123975cb2', 'LTS589', '\r\nXe mô tô, gắn máy', NULL, 'Nguyễn Thị Giang', '2022-02-15 23:49:11', 'Nguyễn Minh Tuấn', '2022-04-01 12:31:24'),
('1791bb94-7da7-2a8b-8dd5-ba100c6f7bce', 'LTS127', '\r\nXe kiểm lâm', NULL, 'Mai Văn Ly', '2022-06-06 10:02:56', 'Nguyễn Thị Tuấn', '2022-06-08 09:26:35'),
('182ac03d-3bc5-1d27-7309-bf1378b8dc91', 'LTS669', '\r\nXe lễ tân nhà nước', NULL, 'Bùi Thị Hương', '2022-01-12 16:57:11', 'Mai Thị Thành', '2022-03-30 16:10:26'),
('1b691e79-236d-5b5a-9d20-39c2f00615e8', 'LTS637', '\r\nCác vật kiến trúc khác', NULL, 'Nông Thái Hương', '2022-07-09 23:18:07', 'Nguyễn Thị Loan', '2022-01-28 13:51:27'),
('1d3986c3-11ae-3e82-85c0-08fd2f807219', 'LTS166', '\r\nXe thu phát điện báo', NULL, 'Bùi Ngọc Hường', '2022-06-18 08:10:11', 'Nguyễn Minh Hoàng', '2022-01-01 00:01:38'),
('1f94a596-32c4-2a29-8ad5-ba100c6f7bce', 'LTS419', '\r\nXe tập lái', NULL, 'Trân Ngọc Anh', '2022-04-04 03:13:09', 'Nguyễn Thị Hân', '2022-04-28 15:36:36'),
('204c0070-4a99-51b1-7209-bf1378b8dc91', 'LTS371', '\r\nXe chuyên dùng khác', NULL, 'Nguyễn Văn Ly', '2022-01-01 00:10:23', 'Nguyễn Thái Mạnh', '2022-06-01 16:17:00'),
('20bbbd0b-3c4a-7d94-6f09-bf1378b8dc91', 'LTS253', '\r\nXe phòng chống dịch', NULL, 'Hoàng Thái Anh', '2022-01-01 00:00:31', 'Nguyễn Minh Hiếu', '2022-01-01 00:10:13'),
('22f29725-54f0-11f0-9d0b-87ae14180c33', 'LTS552', '\r\nXe trang bị phòng thí nghiệm', NULL, 'Nông Thái Ly', '2022-07-20 23:13:11', 'Lê Việt Diễm', '2022-07-16 05:31:29'),
('234d2569-6b1c-720c-9f20-39c2f00615e8', 'LTS578', '\r\nXe 9 đến 12 chỗ', NULL, 'Nguyễn Diễm Mạnh', '2022-01-01 00:10:47', 'Võ Việt Anh', '2022-01-13 07:43:24'),
('2520d168-1494-4217-89d5-ba100c6f7bce', 'LTS718', '\r\nDi tích lịch sử được xếp hạng', NULL, 'Nguyễn Văn Hân', '2022-03-15 23:19:35', 'Nguyễn Việt Ngọc', '2022-01-01 00:00:09'),
('2535c718-4dd9-311b-8cd5-ba100c6f7bce', 'LTS712', '\r\nXe chở phạm nhân ', NULL, 'Nguyễn Ngọc Thái', '2022-07-16 07:06:17', 'Nông Mai Thuận', '2022-07-12 13:29:14'),
('25502e11-38ba-4c53-fe83-196123975cb2', 'LTS002', '\r\nPhương tiện vận tải đường bộ', NULL, 'Nguyễn Văn Thuận', '2022-01-01 00:51:28', 'Mai Mai Loan', '2022-01-01 00:00:07'),
('25c6c36e-1668-7d10-6e09-bf1378b8dc91', 'LTS464', 'Nhà, công trình xây dựng', NULL, 'Nguyễn Thị Trường', '2022-04-06 02:22:34', 'Lê Minh Anh', '2022-07-20 08:52:05'),
('26de5798-48e1-14d3-9f0b-87ae14180c33', 'LTS437', '\r\nXe tải các loại', NULL, 'Trân Thị Thanh', '2022-06-07 13:42:44', 'Hoàng Thị Lệ', '2022-06-16 20:56:53'),
('28018b36-16ff-393b-a020-39c2f00615e8', 'LTS178', '\r\nTài sản cố định hữu hình khác', NULL, 'Hoàng Ngọc Trường', '2022-05-17 05:57:03', 'Lê Thị Hân', '2022-01-29 15:24:32'),
('2c6981c9-286a-4e7b-88c0-08fd2f807219', 'LTS822', '\r\nXe đưa đón giáo viên, học sinh', NULL, 'Nguyễn Việt Hiếu', '2022-05-06 18:27:18', 'Trân Thái Diễm', '2022-01-01 00:44:27'),
('2cc5723c-56c3-7df9-8bd5-ba100c6f7bce', 'LTS469', '\r\nXe quét đường', NULL, 'Bùi Tuấn Hương', '2022-01-25 11:56:44', 'Lê Thị Thành', '2022-01-01 00:36:44'),
('2ea8deee-1b95-2a51-88d5-ba100c6f7bce', 'LTS675', '\r\nXe phòng chống lụt bão', NULL, 'Nguyễn Minh Hân', '2022-02-07 05:35:01', 'Nguyễn Thị Hường', '2022-03-19 09:23:39'),
('354f1b13-17bf-1b52-87d5-ba100c6f7bce', 'LTS273', '\r\nXe thanh tra giao thông', NULL, 'Nguyễn Ngọc Mai', '2022-04-08 10:01:57', 'Nguyễn Tuấn Ly', '2022-01-01 00:01:08'),
('357d7c4e-4b7f-11c2-84c0-08fd2f807219', 'LTS109', '\r\nXe ô tô', NULL, 'Bùi Minh Minh', '2022-01-01 00:00:06', 'Hoàng Ngọc Thuận', '2022-03-15 22:24:51'),
('36104b10-705b-57a8-83c0-08fd2f807219', 'LTS805', '\r\nXe chở chó nghiệp vụ', NULL, 'Nguyễn Văn Linh', '2022-08-05 04:23:41', 'Hoàng Văn Hoa', '2022-04-19 19:35:08'),
('3700cc49-55b5-69ea-4929-a2925c0f334d', 'LTS027', '\r\nXe cứu hỏa', NULL, 'Nguyễn Việt Hoa', '2022-01-13 22:32:32', 'Nguyễn Ngọc Ly', '2022-01-01 01:08:43'),
('37dd9bb0-4c53-4134-31de-23e177779933', 'LTS915', '\r\nXe ca trên 16 chỗ ngồi các loại', NULL, 'Nguyễn Diễm Trường', '2022-01-01 00:15:15', 'Nguyễn Ngọc Cường', '2022-02-22 07:43:47'),
('38528581-656f-2902-32de-23e177779933', 'LTS457', '\r\nXe 4 đến 5 chỗ', NULL, 'Nguyễn Diễm Hương', '2022-01-01 21:11:52', 'Lê Ngọc Hoa', '2022-03-19 22:25:02'),
('38fae0a4-2a8d-7751-17cf-9712082ff6cb', 'LTS841', '\r\nCổ vật', NULL, 'Trân Mai Tuấn', '2022-01-01 00:06:23', 'Nguyễn Minh Hoàng', '2022-01-01 00:09:35'),
('3b86d2ed-446c-5fce-56be-406293204378', 'LTS028', '\r\nPhương tiện vận tải đường thủy', NULL, 'Nông Tuấn Hoa', '2022-08-11 11:51:41', 'Trân Minh Hân', '2022-07-25 21:59:38'),
('3bad7541-7915-6d1b-34de-23e177779933', 'LTS241', '\r\nPhương tiện vận tải đường sắt', NULL, 'Nguyễn Mai Trường', '2022-01-01 00:01:38', 'Bùi Thái Hân', '2022-01-01 01:57:04'),
('40480f96-2014-7c36-4c29-a2925c0f334d', 'LTS031', '\r\nXe ép rác', NULL, 'Võ Thị Hiếu', '2022-08-05 17:59:13', 'Nguyễn Ngọc Loan', '2022-01-19 17:10:39'),
('40dcb887-554e-6059-a120-39c2f00615e8', 'LTS473', '', NULL, 'Nguyễn Minh Ngọc', '2022-01-01 00:00:54', 'Trân Thị Mai', '2022-06-19 00:24:14'),
('41c2dce0-2c38-3bc6-16cf-9712082ff6cb', 'LTS966', '\r\nPhương tiện vận tải', NULL, 'Trân Ngọc Ngọc', '2022-01-01 00:00:05', 'Nguyễn Văn Anh', '2022-08-06 15:30:07'),
('486f3705-5928-5b0d-15cf-9712082ff6cb', 'LTS671', '\r\nXe 6 đến 8 chỗ', NULL, 'Võ Diễm Thanh', '2022-04-19 04:25:30', 'Trân Ngọc Linh', '2022-01-01 00:00:03'),
('4931f441-237d-4e19-9e0b-87ae14180c33', 'LTS250', '\r\nNhà cấp I', NULL, 'Nguyễn Văn Thành', '2022-03-11 17:11:52', 'Nguyễn Việt Ly', '2022-04-29 05:21:31'),
('4a4a8c90-2e57-215e-58be-406293204378', 'LTS009', '\r\nXe phun nước', NULL, 'Hoàng Văn Giang', '2022-01-01 02:16:16', 'Trịnh Thị Anh', '2022-08-01 15:26:08'),
('4d759fc8-400f-6e8f-5bbe-406293204378', 'LTS087', '\r\nXe phục vụ chung', NULL, 'Nguyễn Minh Hân', '2022-01-01 00:00:58', 'Lê Ngọc Hân', '2022-01-08 15:09:20'),
('4fbf7ac2-4f95-259e-fd83-196123975cb2', 'LTS256', '\r\nNhà cấp IV', NULL, 'Mai Tuấn Diễm', '2022-04-10 09:13:56', 'Bùi Văn Thái', '2022-01-01 01:45:10'),
('53baae5e-52f2-2642-4a29-a2925c0f334d', 'LTS067', '\r\nXe cứu thương', NULL, 'Nguyễn Thị Mạnh', '2022-05-11 11:51:53', 'Hoàng Việt Mạnh', '2022-04-16 22:40:26'),
('57a3f48f-1c1d-1f04-9e20-39c2f00615e8', 'LTS234', '\r\nXe phát sóng lên vệ tinh', NULL, 'Nguyễn Minh Hường', '2022-01-05 23:24:56', 'Nguyễn Việt Ngọc', '2022-01-01 00:00:01'),
('5c9f5f1a-6f5c-49cc-59be-406293204378', 'LTS599', '\r\nNhà cấp III', NULL, 'Nguyễn Mai Hoa', '2022-07-04 08:29:40', 'Nguyễn Thị Lệ', '2022-04-30 12:05:08'),
('5ca4f407-2d2d-24db-18cf-9712082ff6cb', 'LTS903', '\r\nXe cần cẩu', NULL, 'Nguyễn Minh Giang', '2022-01-01 00:00:06', 'Trân Thị Thái', '2022-01-24 00:42:37'),
('5ee2ba7f-49ee-5b09-5cbe-406293204378', 'LTS115', '\r\nKho chứa, bể chứa', NULL, 'Hoàng Thái Bằng', '2022-04-25 06:57:54', 'Trân Thái Hương', '2022-01-14 01:04:00'),
('62a849b4-1145-4227-7009-bf1378b8dc91', 'LTS379', '\r\nQuyền tác giả', NULL, 'Nguyễn Minh Diễm', '2022-02-07 09:23:26', 'Nguyễn Tuấn Loan', '2022-01-06 03:46:46'),
('6b47b37f-3123-3ce7-14cf-9712082ff6cb', 'LTS851', '\r\nQuyền sở hữu công nghiệp', NULL, 'Nguyễn Ngọc Thuận', '2022-01-01 00:09:27', 'Nguyễn Thị Ngọc', '2022-05-01 20:03:03'),
('6c2d254c-51c8-2ac9-7409-bf1378b8dc91', 'LTS006', '\r\nXe chở rác', NULL, 'Nguyễn Ngọc Ly', '2022-05-20 08:49:57', 'Hoàng Thái Mai', '2022-01-01 00:00:41'),
('6e98d16d-1cee-3d90-4d29-a2925c0f334d', 'LTS617', '\r\nXe 13 đến 16 chỗ', NULL, 'Trịnh Thị Hoa', '2022-01-01 00:04:04', 'Trân Ngọc Giang', '2022-01-01 00:00:05'),
('749af78e-699e-5d1e-7109-bf1378b8dc91', 'LTS142', '\r\nNhà cấp II', NULL, 'Trịnh Tuấn Tuấn', '2022-05-23 07:06:34', 'Nguyễn Thị Hoa', '2022-04-15 16:53:33'),
('749f165c-16de-4b32-86c0-08fd2f807219', 'LTS079', '\r\nXe ôtô chuyên dùng ', NULL, 'Võ Văn Hoa', '2022-03-25 04:43:31', 'Nguyễn Diễm Diễm', '2022-03-08 21:28:14'),
('74de5ccc-59ee-1411-a00b-87ae14180c33', 'LTS709', '\r\nXe chống buôn lậu', NULL, 'Võ Tuấn Hiếu', '2022-06-10 10:53:12', 'Nguyễn Thị Hoa', '2022-06-10 21:23:06'),
('75541709-3f4a-4f20-87c0-08fd2f807219', 'LTS026', '\r\nKè, đập, đê, cống, kênh', NULL, 'Nguyễn Thị Mạnh', '2022-06-05 09:37:01', 'Nguyễn Thị Cường', '2022-05-01 17:56:44'),
('765a8849-65a2-2ad9-a220-39c2f00615e8', 'LTS474', '\r\nXe ôtô phục vụ chức danh', NULL, 'Trân Ngọc Hân', '2022-05-06 21:22:41', 'Nguyễn Ngọc Thái', '2022-01-23 23:30:16'),
('777df041-51a7-37b6-7509-bf1378b8dc91', 'LTS605', '\r\nLăng tẩm', NULL, 'Nguyễn Thị Bằng', '2022-02-06 18:44:55', 'Hoàng Ngọc Hương', '2022-06-06 10:17:08'),
('7c94355d-4702-3a9b-5abe-406293204378', 'LTS763', '\r\nXe văn hóa thông tin lưu động', NULL, 'Mai Minh Hoa', '2022-01-19 19:44:41', 'Nguyễn Minh Trường', '2022-05-06 18:32:45'),
('7dbd90f6-6015-12c6-4b29-a2925c0f334d', 'LTS218', '\r\nTSCĐ đặc thù khác', NULL, 'Mai Tuấn Mạnh', '2022-01-01 00:57:14', 'Nguyễn Việt Bằng', '2022-03-16 11:58:09');

-- 
-- Dumping data for table department
--
INSERT INTO department VALUES
('142cb08f-7c31-21fa-8e90-67245e8b283e', 'D001', ' Bộ giáo dục', NULL, 'Nguyễn Tuấn Mạnh', '2022-01-01 00:07:13', 'Nguyễn Tuấn Thành', '2022-01-01 00:00:04'),
('17120d02-6ab5-3e43-18cb-66948daf6128', 'D003', 'Bộ công an ', NULL, 'Võ Thị Bằng', '2022-03-27 00:45:33', 'Nguyễn Minh Giang', '2022-07-03 11:59:49'),
('469b3ece-744a-45d5-957d-e8c757976496', 'D005', 'Phòng hành chính sự nghiệp', NULL, 'Nông Thị Mai', '2022-01-11 12:06:21', 'Võ Ngọc Thái', '2022-02-19 15:30:49'),
('4e272fc4-7875-78d6-7d32-6a1673ffca7c', 'D002', 'Phòng nhân sự ', NULL, 'Bùi Ngọc Thuận', '2022-05-21 18:25:29', 'Nguyễn Mai Hương', '2022-01-01 00:00:08');

-- 
-- Dumping data for table fixed_asset
--
INSERT INTO fixed_asset VALUES
('a5b3f708-732f-434d-9dd9-f6b360df4ca5', 'TS131', 'Máy tính Xách tay-360', '4e272fc4-7875-78d6-7d32-6a1673ffca7c', '234d2569-6b1c-720c-9f20-39c2f00615e8', '0001-01-01 00:00:00', 250000000.0000, 31, 0.25, 0, 4, NULL, '0001-01-01 00:00:00', NULL, '2022-08-28 10:39:38', '0001-01-01 00:00:00', 62500000.0000),
('a6c8a6c3-6d93-46a0-a70f-d0bab8af7b98', 'TS132', ' Nhà ở', '4e272fc4-7875-78d6-7d32-6a1673ffca7c', '5ca4f407-2d2d-24db-18cf-9712082ff6cb', '0001-01-01 00:00:00', 830000000.0000, 90, 1, 0, 1, NULL, '0001-01-01 00:00:00', NULL, '2022-08-28 10:27:22', '0001-01-01 00:00:00', 830000000.0000),
('a894ea20-df8f-4546-accd-faeb1687cc30', 'TS133', 'Ô tô mercedes-257', '142cb08f-7c31-21fa-8e90-67245e8b283e', '13548f3b-37b7-728f-ff83-196123975cb2', '0001-01-01 00:00:00', 400000000.0000, 7, 0.2, 0, 5, NULL, '0001-01-01 00:00:00', NULL, '2022-08-28 10:24:46', '0001-01-01 00:00:00', 80000000.0000),
('aae6d7a2-cb95-426e-9281-780689a4a86d', 'TS134', 'Dell Inspiron 3467', '142cb08f-7c31-21fa-8e90-67245e8b283e', '12437806-26ac-3517-9c0b-87ae14180c33', '0001-01-01 00:00:00', 10.0000, 1, 0.25, 0, 4, NULL, '0001-01-01 00:00:00', NULL, '2022-08-28 10:29:15', '0001-01-01 00:00:00', 2.5000),
('ab351ba3-1fd2-4358-95a6-b976fecddb43', 'TS135', 'Ô tô mercedes-571', '17120d02-6ab5-3e43-18cb-66948daf6128', '40480f96-2014-7c36-4c29-a2925c0f334d', '0001-01-01 00:00:00', 280000000.0000, 83, 0.2, 0, 5, NULL, '0001-01-01 00:00:00', NULL, '2022-08-28 10:37:11', '0001-01-01 00:00:00', 56000000.0000),
('aba8a2fc-4603-4470-bd28-68f973a6e05e', 'TS136', 'Ô tô mercedes-572', '142cb08f-7c31-21fa-8e90-67245e8b283e', '1f94a596-32c4-2a29-8ad5-ba100c6f7bce', '1979-08-31 11:56:53', 970000000.0000, 12, 0.333333, 646666667, 3, 'Lê Thị Ly', '2022-08-18 22:00:13', 'Mai Ngọc Anh', '2022-08-24 15:54:22', '2022-08-24 15:54:22', 323333333.3333),
('ac5f9cd8-156f-4a3d-87b0-a2df6a916e97', 'TS137', 'Máy tính Xách tay-775', '4e272fc4-7875-78d6-7d32-6a1673ffca7c', '1f94a596-32c4-2a29-8ad5-ba100c6f7bce', '1990-10-05 01:01:38', 290000000.0000, 46, 0.25, 217500000, 4, 'Nguyễn Minh Hoàng', '2022-08-18 22:00:13', 'Nông Văn Thái', '2022-08-24 15:54:22', '2022-08-24 15:54:22', 72500000.0000),
('acc66604-e7d6-4057-9947-74afab5ce145', 'TS138', 'Ô tô mercedes-827', '142cb08f-7c31-21fa-8e90-67245e8b283e', '1b691e79-236d-5b5a-9d20-39c2f00615e8', '2010-12-28 01:38:14', 260000000.0000, 78, 0.5, 130000000, 2, 'Nguyễn Ngọc Hân', '2022-08-18 22:00:13', 'Bùi Quang Điệp', '2022-08-24 15:54:22', '2022-08-24 15:54:22', 130000000.0000),
('b1978ba0-2aa0-4fb3-bd24-7c37cfcbbf97', 'TS139', 'Máy tính Xách tay-129', '17120d02-6ab5-3e43-18cb-66948daf6128', '12437806-26ac-3517-9c0b-87ae14180c33', '1983-03-14 03:48:05', 730000000.0000, 62, 0.25, 547500000, 4, 'Nguyễn Thái Hương', '2022-08-18 22:00:13', 'Trân Thị Loan', '2022-08-24 15:54:22', '2022-08-24 15:54:22', 182500000.0000),
('b2ca564a-b48f-4a87-b1e1-3a846ffc7bcf', 'TS140', 'Biệt thư', '142cb08f-7c31-21fa-8e90-67245e8b283e', '5c9f5f1a-6f5c-49cc-59be-406293204378', '1996-01-26 19:33:49', 600000000.0000, 62, 0.5, 300000000, 2, 'Nguyễn Thị Diễm', '2022-08-18 22:00:13', 'Nguyễn Thị Loan', '2022-08-24 15:54:22', '2022-08-24 15:54:22', 300000000.0000),
('b43988b7-ac60-4fee-bffc-846f7ac4a188', 'TS141', 'Biệt thư', '142cb08f-7c31-21fa-8e90-67245e8b283e', '765a8849-65a2-2ad9-a220-39c2f00615e8', '1987-12-09 19:15:08', 730000000.0000, 54, 0.333333, 486666667, 3, 'Nguyễn Thị Hiếu', '2022-08-18 22:00:13', 'Lê Minh Hoàng', '2022-08-24 15:54:22', '2022-08-24 15:54:22', 243333333.3333),
('b514791a-6265-4678-906f-57791e707f6b', 'TS142', 'Biệt thư', '142cb08f-7c31-21fa-8e90-67245e8b283e', '28018b36-16ff-393b-a020-39c2f00615e8', '1986-10-05 14:29:31', 520000000.0000, 61, 0.25, 390000000, 4, 'Nông Minh Thành', '2022-08-18 22:00:13', 'Mai Thị Hân', '2022-08-24 15:54:22', '2022-08-24 15:54:22', 130000000.0000),
('b5411b77-1e61-4cca-aaef-3a1f0aa711fa', 'TS143', ' Nhà ở', '142cb08f-7c31-21fa-8e90-67245e8b283e', '38fae0a4-2a8d-7751-17cf-9712082ff6cb', '2021-04-28 20:37:19', 880000000.0000, 41, 1, 0, 1, 'Nguyễn Việt Lệ', '2022-08-18 22:00:13', 'Bùi Quang Điệp', '2022-08-24 15:54:22', '2022-08-24 15:54:22', 880000000.0000),
('b5dd0580-157d-4281-9ca4-8cea2a3798b5', 'TS144', 'Biệt thư', '469b3ece-744a-45d5-957d-e8c757976496', '14ee7bc0-194c-3948-57be-406293204378', '1994-05-26 00:41:34', 600000000.0000, 3, 0.5, 300000000, 2, 'Trân Ngọc Diễm', '2022-08-18 22:00:13', 'Trân Việt Tuấn', '2022-08-24 15:54:22', '2022-08-24 15:54:22', 300000000.0000),
('b854a7b7-4f04-4b86-af66-41f9fcbd79bf', 'TS145', 'Ô tô mercedes-425', '17120d02-6ab5-3e43-18cb-66948daf6128', '57a3f48f-1c1d-1f04-9e20-39c2f00615e8', '1970-01-01 01:00:32', 370000000.0000, 37, 0.2, 296000000, 5, 'Nguyễn Ngọc Hiếu', '2022-08-18 22:00:13', 'Nguyễn Minh Ngọc', '2022-08-24 15:54:22', '2022-08-24 15:54:22', 74000000.0000),
('b999f134-d548-47be-9829-9c167ad969bf', 'TS146', 'Ô tô mercedes-426', '4e272fc4-7875-78d6-7d32-6a1673ffca7c', '3b86d2ed-446c-5fce-56be-406293204378', '1984-04-26 18:33:24', 550000000.0000, 10, 0.25, 412500000, 4, 'Mai Việt Minh', '2022-08-18 22:00:13', 'Hoàng Ngọc Ngọc', '2022-08-24 15:54:22', '2022-08-24 15:54:22', 137500000.0000),
('b9a21427-f086-4719-8ecc-1c4827e625f1', 'TS147', 'Biệt thư', '142cb08f-7c31-21fa-8e90-67245e8b283e', '26de5798-48e1-14d3-9f0b-87ae14180c33', '2002-10-02 02:03:50', 220000000.0000, 56, 0.25, 165000000, 4, 'Hoàng Thị Thái', '2022-08-18 22:00:13', 'Nguyễn Việt Thuận', '2022-08-24 15:54:22', '2022-08-24 15:54:22', 55000000.0000),
('b9c6fd51-b305-4a71-947b-d3a38762f68b', 'TS148', ' Nhà ở', '142cb08f-7c31-21fa-8e90-67245e8b283e', '7dbd90f6-6015-12c6-4b29-a2925c0f334d', '1975-11-01 04:30:55', 560000000.0000, 61, 0.333333, 373333333, 3, 'Nguyễn Tuấn Hương', '2022-08-18 22:00:13', 'Nguyễn Minh Tuấn', '2022-08-24 15:54:22', '2022-08-24 15:54:22', 186666666.6667),
('b9f5f301-485d-460b-ad3a-bd899d7f03ee', 'TS149', 'Máy tính Xách tay-580', '142cb08f-7c31-21fa-8e90-67245e8b283e', '75541709-3f4a-4f20-87c0-08fd2f807219', '2013-12-11 06:52:53', 610000000.0000, 61, 0.25, 457500000, 4, 'Nguyễn Thị Tuấn', '2022-08-18 22:00:13', 'Nguyễn Mai Thái', '2022-08-24 15:54:22', '2022-08-24 15:54:22', 152500000.0000),
('bac16671-c4de-440f-bb34-839042a8e7d6', 'TS150', 'Máy tính Xách tay-581', '142cb08f-7c31-21fa-8e90-67245e8b283e', '2ea8deee-1b95-2a51-88d5-ba100c6f7bce', '1977-03-17 11:21:36', 560000000.0000, 43, 0.25, 420000000, 4, 'Nguyễn Thị Mai', '2022-08-18 22:00:13', 'Nông Thị Hoàng', '2022-08-24 15:54:22', '2022-08-24 15:54:22', 140000000.0000),
('bc40fd05-1403-44a4-af61-fd85bbabdbfe', 'TS151', 'Ô tô mercedes-356', '4e272fc4-7875-78d6-7d32-6a1673ffca7c', '6b47b37f-3123-3ce7-14cf-9712082ff6cb', '1970-01-01 00:00:58', 970000000.0000, 39, 1, 0, 1, 'Nguyễn Ngọc Diễm', '2022-08-18 22:00:13', 'Nguyễn Diễm Thuận', '2022-08-24 15:54:22', '2022-08-24 15:54:22', 970000000.0000),
('bc72f92c-5d9f-43b5-a413-4a303ba60ba1', 'TS152', 'Ô tô mercedes-357', '4e272fc4-7875-78d6-7d32-6a1673ffca7c', '22f29725-54f0-11f0-9d0b-87ae14180c33', '1997-05-21 20:18:25', 950000000.0000, 66, 0.2, 760000000, 5, 'Nông Tuấn Anh', '2022-08-18 22:00:13', 'Bùi Việt Linh', '2022-08-24 15:54:22', '2022-08-24 15:54:22', 190000000.0000),
('be29c917-c48c-4626-9c35-6834ba086c2d', 'TS153', 'Máy tính Xách tay-122', '469b3ece-744a-45d5-957d-e8c757976496', '62a849b4-1145-4227-7009-bf1378b8dc91', '1970-01-01 00:00:05', 110000000.0000, 94, 0.2, 88000000, 5, 'Nguyễn Thị Hoa', '2022-08-18 22:00:13', 'Nguyễn Thị Ngọc', '2022-08-24 15:54:22', '2022-08-24 15:54:22', 22000000.0000),
('be98284b-6781-4275-845b-22d8be9856bb', 'TS154', 'Máy tính Xách tay-967', '142cb08f-7c31-21fa-8e90-67245e8b283e', '1f94a596-32c4-2a29-8ad5-ba100c6f7bce', '1991-01-10 14:33:28', 960000000.0000, 1, 0.333333, 640000000, 3, 'Bùi Việt Anh', '2022-08-18 22:00:13', 'Nông Thị Hoàng', '2022-08-24 15:54:22', '2022-08-24 15:54:22', 320000000.0000),
('bf091930-fc14-4d32-bce6-982453c5616b', 'TS155', ' Nhà ở', '142cb08f-7c31-21fa-8e90-67245e8b283e', '38528581-656f-2902-32de-23e177779933', '1975-12-24 15:28:54', 560000000.0000, 17, 0.25, 420000000, 4, 'Nguyễn Tuấn Hân', '2022-08-18 22:00:13', 'Nguyễn Thị Linh', '2022-08-24 15:54:22', '2022-08-24 15:54:22', 140000000.0000),
('bfce4f54-eed9-4375-8092-d6e79449760a', 'TS156', 'Ô tô mercedes-353', '4e272fc4-7875-78d6-7d32-6a1673ffca7c', '20bbbd0b-3c4a-7d94-6f09-bf1378b8dc91', '1970-01-01 00:00:12', 720000000.0000, 28, 0.2, 576000000, 5, 'Nguyễn Thị Mai', '2022-08-18 22:00:13', 'Nguyễn Việt Cường', '2022-08-24 15:54:22', '2022-08-24 15:54:22', 144000000.0000),
('c001e315-5a0a-40f5-9d6d-1f580c60a5b7', 'TS157', 'Biệt thư', '142cb08f-7c31-21fa-8e90-67245e8b283e', '5c9f5f1a-6f5c-49cc-59be-406293204378', '1970-01-01 00:50:37', 670000000.0000, 37, 0.2, 536000000, 5, 'Nguyễn Thái Giang', '2022-08-18 22:00:13', 'Mai Tuấn Mạnh', '2022-08-24 15:54:22', '2022-08-24 15:54:22', 134000000.0000),
('c027115e-8f42-427c-a66c-2e6a1c77913a', 'TS158', 'Ô tô mercedes-025', '142cb08f-7c31-21fa-8e90-67245e8b283e', '749af78e-699e-5d1e-7109-bf1378b8dc91', '1992-05-13 07:29:17', 720000000.0000, 47, 0.333333, 480000000, 3, 'Võ Minh Thái', '2022-08-18 22:00:13', 'Nguyễn Thị Hoàng', '2022-08-24 15:54:22', '2022-08-24 15:54:22', 240000000.0000),
('c1615a22-a4af-42cc-a69b-9d8d85b66ea9', 'TS159', 'demo17', '17120d02-6ab5-3e43-18cb-66948daf6128', '12437806-26ac-3517-9c0b-87ae14180c33', '0001-01-01 00:00:00', 10.0000, 1, 0.333333, 7, 3, 'Võ Minh Thái', '0001-01-01 00:00:00', '(null)', '2022-08-24 15:54:22', '2022-08-24 15:54:22', 3.3333),
('c2223bca-0364-464b-9442-16446e3c8884', 'TS160', ' Nhà ở', '17120d02-6ab5-3e43-18cb-66948daf6128', '7dbd90f6-6015-12c6-4b29-a2925c0f334d', '2021-04-22 03:52:59', 720000000.0000, 27, 0.333333, 480000000, 3, 'Nguyễn Ngọc Lệ', '2022-08-18 22:00:13', '(null)', '2022-08-24 15:54:22', '2022-08-24 15:54:22', 240000000.0000),
('c4fa6fb5-06e9-4258-af6f-a75cf6cef82d', 'TS161', ' Nhà ở', '4e272fc4-7875-78d6-7d32-6a1673ffca7c', '75541709-3f4a-4f20-87c0-08fd2f807219', '1978-04-21 08:09:53', 870000000.0000, 5, 0.333333, 580000000, 3, 'Võ Thị Ly', '2022-08-18 22:00:13', 'Nguyễn Tuấn Cường', '2022-08-24 15:54:22', '2022-08-24 15:54:22', 290000000.0000),
('c5495a18-5778-4892-bafe-7a853a397deb', 'TS162', 'Máy tính Xách tay-215', '469b3ece-744a-45d5-957d-e8c757976496', '357d7c4e-4b7f-11c2-84c0-08fd2f807219', '2012-01-11 08:59:49', 210000000.0000, 11, 0.25, 157500000, 4, 'Trịnh Mai Lệ', '2022-08-18 22:00:13', 'Bùi Ngọc Ngọc', '2022-08-24 15:54:22', '2022-08-24 15:54:22', 52500000.0000),
('c5bb8660-2643-4e68-b07f-40f260fad288', 'TS163', 'Ô tô mercedes-807', '469b3ece-744a-45d5-957d-e8c757976496', '15cb3909-1246-2add-33de-23e177779933', '2011-10-23 23:05:08', 280000000.0000, 11, 0.2, 224000000, 5, 'Hoàng Ngọc Hân', '2022-08-18 22:00:13', 'Lê Ngọc Trường', '2022-08-24 15:54:22', '2022-08-24 15:54:22', 56000000.0000),
('c8032caf-21a2-40db-be15-136c356da01d', 'TS164', ' Nhà ở', '17120d02-6ab5-3e43-18cb-66948daf6128', '354f1b13-17bf-1b52-87d5-ba100c6f7bce', '2022-08-16 20:05:40', 150000000.0000, 34, 0.25, 112500000, 4, 'Trịnh Thái Hiếu', '2022-08-18 22:00:13', 'Nguyễn Diễm Thuận', '2022-08-24 15:54:22', '2022-08-24 15:54:22', 37500000.0000),
('c8efc7b1-9be7-483c-9cdf-70b355c90c2b', 'TS165', 'Biệt thư sửa', '469b3ece-744a-45d5-957d-e8c757976496', '13548f3b-37b7-728f-ff83-196123975cb2', '0001-01-01 00:00:00', 780000000.0000, 65, 0.333333, 520000000, 3, 'Trịnh Thái Hiếu', '0001-01-01 00:00:00', '(null)', '2022-08-24 15:54:22', '2022-08-24 15:54:22', 260000000.0000),
('cc29935b-200d-4f02-9c98-b3ced683c7fa', 'TS166', 'Biệt thư', '17120d02-6ab5-3e43-18cb-66948daf6128', '749af78e-699e-5d1e-7109-bf1378b8dc91', '2010-10-06 05:08:50', 850000000.0000, 78, 0.25, 637500000, 4, 'Nguyễn Văn Hoa', '2022-08-18 22:00:13', 'Nguyễn Văn Anh', '2022-08-24 15:54:22', '2022-08-24 15:54:22', 212500000.0000),
('ce138fae-9fea-4b67-a8e5-23da7a8a09eb', 'TS167', 'Biệt thư', '4e272fc4-7875-78d6-7d32-6a1673ffca7c', '3bad7541-7915-6d1b-34de-23e177779933', '2016-01-02 13:29:09', 310000000.0000, 3, 0.2, 248000000, 5, 'Nguyễn Ngọc Diễm', '2022-08-18 22:00:13', 'Nguyễn Việt Thanh', '2022-08-24 15:54:22', '2022-08-24 15:54:22', 62000000.0000),
('ce30e23b-9c4f-46b1-96cc-99406e921d22', 'TS168', 'Máy tính Xách tay-582', '4e272fc4-7875-78d6-7d32-6a1673ffca7c', '1b691e79-236d-5b5a-9d20-39c2f00615e8', '1970-01-01 00:00:18', 560000000.0000, 95, 0.333333, 373333333, 3, 'Nguyễn Mai Thanh', '2022-08-18 22:00:13', 'Trân Việt Hoàng', '2022-08-24 15:54:22', '2022-08-24 15:54:22', 186666666.6667),
('ce93dc91-f5e6-404b-9c98-70d4180fad89', 'TS169', 'Máy tính Xách tay-583', '142cb08f-7c31-21fa-8e90-67245e8b283e', '12437806-26ac-3517-9c0b-87ae14180c33', '2022-08-24 03:32:26', 0.0000, 0, 0.25, 0, 4, 'string', '0001-01-01 00:00:00', 'string', '2022-08-24 15:54:22', '2022-08-24 15:54:22', 0.0000),
('d196c76a-f177-4798-ab1e-a41fa9d2092e', 'TS170', 'Máy tính Xách tay-584', '142cb08f-7c31-21fa-8e90-67245e8b283e', '1b691e79-236d-5b5a-9d20-39c2f00615e8', '2000-07-08 05:18:32', 100000000.0000, 81, 1, 0, 1, 'Nguyễn Thị Hân', '2022-08-18 22:00:13', 'Nông Thị Minh', '2022-08-24 15:54:22', '2022-08-24 15:54:22', 100000000.0000),
('d23860bd-5b68-4145-9248-80a85663c523', 'TS171', 'Máy tính Xách tay-585', '142cb08f-7c31-21fa-8e90-67245e8b283e', '26de5798-48e1-14d3-9f0b-87ae14180c33', '2004-12-07 20:33:33', 230000000.0000, 13, 0.5, 115000000, 2, 'Nguyễn Thị Hiếu', '2022-08-18 22:00:13', 'Võ Việt Cường', '2022-08-24 15:54:22', '2022-08-24 15:54:22', 115000000.0000),
('d339c3ab-16cb-4e76-beba-d6237f1dd9aa', 'TS172', 'Máy tính Xách tay-483', '469b3ece-744a-45d5-957d-e8c757976496', '234d2569-6b1c-720c-9f20-39c2f00615e8', '1984-08-31 02:31:43', 320000000.0000, 23, 0.2, 256000000, 5, 'Nguyễn Thị Mai', '2022-08-18 22:00:13', 'Lê Văn Hương', '2022-08-24 15:54:22', '2022-08-24 15:54:22', 64000000.0000),
('d5c0a33e-d800-4a94-bbbd-9497e4fc3700', 'TS173', 'Dell Inspiron 3467', '17120d02-6ab5-3e43-18cb-66948daf6128', '13548f3b-37b7-728f-ff83-196123975cb2', '0001-01-01 00:00:00', 10.0000, 1, 0.2, 8, 5, 'Nguyễn Thị Mai', '0001-01-01 00:00:00', '(null)', '2022-08-24 15:54:22', '2022-08-24 15:54:22', 2.0000),
('d651da1a-d295-4e68-9118-1acb54651f61', 'TS174', 'Biệt thư', '469b3ece-744a-45d5-957d-e8c757976496', '40dcb887-554e-6059-a120-39c2f00615e8', '1983-03-31 15:37:58', 770000000.0000, 9, 1, 0, 1, 'Nguyễn Minh Giang', '2022-08-18 22:00:13', 'Nguyễn Việt Mai', '2022-08-24 15:54:22', '2022-08-24 15:54:22', 770000000.0000),
('d781b1dc-afa1-4b36-8691-48c714667534', 'TS175', 'Máy tính Xách tay-813', '142cb08f-7c31-21fa-8e90-67245e8b283e', '3700cc49-55b5-69ea-4929-a2925c0f334d', '1986-03-24 17:08:16', 740000000.0000, 35, 0.333333, 493333333, 3, 'Nguyễn Văn Anh', '2022-08-18 22:00:13', 'Trịnh Ngọc Diễm', '2022-08-24 15:54:22', '2022-08-24 15:54:22', 246666666.6667),
('d96d899a-e580-4de9-b509-6bcef491e28a', 'TS176', 'Máy tính Xách tay-814', '142cb08f-7c31-21fa-8e90-67245e8b283e', '7dbd90f6-6015-12c6-4b29-a2925c0f334d', '1973-03-14 23:36:14', 520000000.0000, 22, 1, 0, 1, 'Nguyễn Ngọc Thanh', '2022-08-18 22:00:13', 'Bùi Ngọc Thái', '2022-08-24 15:54:22', '2022-08-24 15:54:22', 520000000.0000),
('d9e13220-fb1e-417b-bbd9-56aba74ecb38', 'TS177', 'Biệt thư', '17120d02-6ab5-3e43-18cb-66948daf6128', '749af78e-699e-5d1e-7109-bf1378b8dc91', '2001-08-10 07:44:37', 940000000.0000, 53, 0.25, 705000000, 4, 'Nguyễn Thị Lệ', '2022-08-18 22:00:13', 'Lê Diễm Tuấn', '2022-08-24 15:54:22', '2022-08-24 15:54:22', 235000000.0000),
('da79145a-76be-44bc-9418-42e394acb285', 'TS178', 'demo18', '17120d02-6ab5-3e43-18cb-66948daf6128', '12437806-26ac-3517-9c0b-87ae14180c33', '0001-01-01 00:00:00', 10.0000, 1, 0.5, 5, 2, 'Nguyễn Thị Lệ', '0001-01-01 00:00:00', '(null)', '2022-08-24 15:54:22', '2022-08-24 15:54:22', 5.0000),
('da9d09dc-4f12-4d8c-9537-aa6427907017', 'TS179', 'Biệt thư', '469b3ece-744a-45d5-957d-e8c757976496', '14ee7bc0-194c-3948-57be-406293204378', '2007-08-01 20:46:51', 690000000.0000, 45, 1, 0, 1, 'Nguyễn Minh Tuấn', '2022-08-18 22:00:13', 'Nguyễn Văn Diễm', '2022-08-24 15:54:22', '2022-08-24 15:54:22', 690000000.0000),
('db1a6e16-fb86-4d25-b7be-2487b443aa1a', 'TS180', 'Ô tô mercedes-449', '4e272fc4-7875-78d6-7d32-6a1673ffca7c', '749f165c-16de-4b32-86c0-08fd2f807219', '1988-06-30 07:34:22', 450000000.0000, 45, 0.333333, 300000000, 3, 'Nguyễn Thái Hân', '2022-08-18 22:00:13', 'Nguyễn Thái Trường', '2022-08-24 15:54:22', '2022-08-24 15:54:22', 150000000.0000),
('dec76142-42aa-4ada-b4aa-88ce46c5610d', 'TS181', 'Ô tô mercedes-450', '142cb08f-7c31-21fa-8e90-67245e8b283e', '354f1b13-17bf-1b52-87d5-ba100c6f7bce', '1997-03-16 19:17:23', 730000000.0000, 31, 0.5, 365000000, 2, 'Nguyễn Văn Hương', '2022-08-18 22:00:13', 'Lê Mai Ngọc', '2022-08-24 15:54:22', '2022-08-24 15:54:22', 365000000.0000),
('df3d5dc3-e356-408a-89fb-115aeb5ebb35', 'TS182', 'Ô tô mercedes-065', '17120d02-6ab5-3e43-18cb-66948daf6128', '2cc5723c-56c3-7df9-8bd5-ba100c6f7bce', '1970-01-01 00:01:31', 820000000.0000, 23, 1, 0, 1, 'Nguyễn Thái Linh', '2022-08-18 22:00:13', 'Nguyễn Ngọc Trường', '2022-08-24 15:54:22', '2022-08-24 15:54:22', 820000000.0000),
('e0f2d76e-758d-4965-8320-81f013f4cec0', 'TS183', ' Nhà ở', '469b3ece-744a-45d5-957d-e8c757976496', '41c2dce0-2c38-3bc6-16cf-9712082ff6cb', '1996-08-15 17:18:09', 500000000.0000, 98, 0.5, 250000000, 2, 'Trân Thị Mai', '2022-08-18 22:00:13', 'Lê Thị Giang', '2022-08-24 15:54:22', '2022-08-24 15:54:22', 250000000.0000),
('e21bb01c-d970-4e26-a672-ddad6777617c', 'TS184', ' Nhà ở', '4e272fc4-7875-78d6-7d32-6a1673ffca7c', '1b691e79-236d-5b5a-9d20-39c2f00615e8', '1970-01-01 00:00:07', 780000000.0000, 81, 0.25, 585000000, 4, 'Nông Thị Hiếu', '2022-08-18 22:00:13', 'Mai Minh Hương', '2022-08-24 15:54:22', '2022-08-24 15:54:22', 195000000.0000),
('e230ff40-f440-453d-9645-ee28d3ae3782', 'TS185', 'demo15', '142cb08f-7c31-21fa-8e90-67245e8b283e', '12437806-26ac-3517-9c0b-87ae14180c33', '0001-01-01 00:00:00', 10.0000, 1, 1, 0, 1, '(null)', '0001-01-01 00:00:00', '(null)', '2022-08-24 15:54:22', '2022-08-24 15:54:22', 10.0000),
('e259b875-20bd-4f2d-b83b-6d4369156eab', 'TS186', 'Dell Inspiron 3467', '469b3ece-744a-45d5-957d-e8c757976496', '1791bb94-7da7-2a8b-8dd5-ba100c6f7bce', '0001-01-01 00:00:00', 10.0000, 1, 0.333333, 7, 3, '(null)', '0001-01-01 00:00:00', '(null)', '2022-08-24 15:54:22', '2022-08-24 15:54:22', 3.3333),
('e3c380d5-b3bc-4091-aa4b-481538f08697', 'TS187', 'Máy tính Xách tay-511', '4e272fc4-7875-78d6-7d32-6a1673ffca7c', '749f165c-16de-4b32-86c0-08fd2f807219', '1985-08-16 00:34:27', 2000000.0000, 88, 0.25, 1500000, 4, 'Trân Mai Ngọc', '2022-08-18 22:00:13', 'Hoàng Thái Mai', '2022-08-24 15:54:22', '2022-08-24 15:54:22', 500000.0000),
('e56d33dc-5666-493a-8d2d-8b883528c545', 'TS188', 'Biệt thư', '4e272fc4-7875-78d6-7d32-6a1673ffca7c', '182ac03d-3bc5-1d27-7309-bf1378b8dc91', '1975-11-05 00:50:08', 650000000.0000, 64, 0.5, 325000000, 2, 'Hoàng Thái Ngọc', '2022-08-18 22:00:13', 'Trịnh Mai Hân', '2022-08-24 15:54:22', '2022-08-24 15:54:22', 325000000.0000),
('e67d71e6-f470-45f2-8e8a-6e0df19e5363', 'TS189', ' Nhà ở', '4e272fc4-7875-78d6-7d32-6a1673ffca7c', '57a3f48f-1c1d-1f04-9e20-39c2f00615e8', '1972-06-11 01:30:06', 880000000.0000, 34, 0.5, 440000000, 2, 'Nguyễn Mai Hiếu', '2022-08-18 22:00:13', 'Võ Minh Hiếu', '2022-08-24 15:54:22', '2022-08-24 15:54:22', 440000000.0000),
('e7920ee4-727d-4108-876f-06d653a49ac0', 'TS190', 'Máy tính Xách tay-631', '469b3ece-744a-45d5-957d-e8c757976496', '38fae0a4-2a8d-7751-17cf-9712082ff6cb', '2006-06-17 04:34:07', 290000000.0000, 46, 0.2, 232000000, 5, 'Nguyễn Minh Hiếu', '2022-08-18 22:00:13', 'Nguyễn Văn Lệ', '2022-08-24 15:54:22', '2022-08-24 15:54:22', 58000000.0000),
('e8a6b7cd-693a-497a-99da-2a432fe11c53', 'TS191', 'demo12', '17120d02-6ab5-3e43-18cb-66948daf6128', '13548f3b-37b7-728f-ff83-196123975cb2', '0001-01-01 00:00:00', 10.0000, 1, 0.25, 8, 4, '(null)', '0001-01-01 00:00:00', '(null)', '2022-08-24 15:54:22', '2022-08-24 15:54:22', 2.5000),
('e95cbc32-b1f5-4a3c-85ba-25d16eaf8447', 'TS192', 'Biệt thư', '469b3ece-744a-45d5-957d-e8c757976496', '15d0d796-1465-4665-fc83-196123975cb2', '1989-07-29 18:46:42', 160000000.0000, 62, 0.5, 80000000, 2, 'Nguyễn Diễm Hân', '2022-08-18 22:00:13', 'Trân Văn Anh', '2022-08-24 15:54:22', '2022-08-24 15:54:22', 80000000.0000),
('e95d2c6f-780d-4688-8c43-f0767a6b5d5f', 'TS193', 'Biệt thư', '17120d02-6ab5-3e43-18cb-66948daf6128', '20bbbd0b-3c4a-7d94-6f09-bf1378b8dc91', '1994-06-26 23:13:40', 230000000.0000, 93, 1, 0, 1, 'Nguyễn Việt Hân', '2022-08-18 22:00:13', 'Nguyễn Ngọc Ngọc', '2022-08-24 15:54:22', '2022-08-24 15:54:22', 230000000.0000),
('e95dc421-fccd-48c2-b31e-9cac56f9a4be', 'TS194', 'Biệt thư', '4e272fc4-7875-78d6-7d32-6a1673ffca7c', '2cc5723c-56c3-7df9-8bd5-ba100c6f7bce', '1977-10-14 23:09:56', 400000000.0000, 92, 0.2, 320000000, 5, 'Trân Ngọc Cường', '2022-08-18 22:00:13', 'Nguyễn Tuấn Lệ', '2022-08-24 15:54:22', '2022-08-24 15:54:22', 80000000.0000),
('e9ca46bf-fe17-42f3-9776-e5ebec332ddf', 'TS195', 'Máy tính Xách tay-480', '17120d02-6ab5-3e43-18cb-66948daf6128', '15cb3909-1246-2add-33de-23e177779933', '1988-09-09 10:58:24', 970000000.0000, 87, 0.5, 485000000, 2, 'Nguyễn Tuấn Trường', '2022-08-18 22:00:13', 'Nguyễn Thị Thái', '2022-08-24 15:54:22', '2022-08-24 15:54:22', 485000000.0000),
('eb493a01-9422-42b7-99f7-ea3349da1fe3', 'TS196', 'Biệt thư', '469b3ece-744a-45d5-957d-e8c757976496', '749af78e-699e-5d1e-7109-bf1378b8dc91', '2009-02-27 09:52:06', 300000000.0000, 21, 1, 0, 1, 'Trân Thái Hoa', '2022-08-18 22:00:13', 'Trân Minh Loan', '2022-08-24 15:54:22', '2022-08-24 15:54:22', 300000000.0000),
('ebeb8765-9784-4bd7-9f64-640cbb166f99', 'TS197', 'Biệt thư', '142cb08f-7c31-21fa-8e90-67245e8b283e', '7dbd90f6-6015-12c6-4b29-a2925c0f334d', '2011-12-01 01:01:11', 200000.0000, 1, 0.25, 150000, 4, 'Nguyễn Việt Hân', '2022-08-18 22:00:13', 'Nông Minh Hoàng', '2022-08-24 15:54:22', '2022-08-24 15:54:22', 50000.0000),
('ed9b7bd0-23e9-436a-bb29-ab5f6221281b', 'TS198', 'Máy tính Xách tay-409', '17120d02-6ab5-3e43-18cb-66948daf6128', '14ee7bc0-194c-3948-57be-406293204378', '1987-03-20 09:00:36', 410000000.0000, 74, 0.333333, 273333333, 3, 'Nguyễn Việt Mạnh', '2022-08-18 22:00:13', 'Nguyễn Thái Ly', '2022-08-24 15:54:22', '2022-08-24 15:54:22', 136666666.6667),
('edc7ce54-570a-4141-9a8e-3293e18a94f2', 'TS199', 'Ô tô mercedes-712', '17120d02-6ab5-3e43-18cb-66948daf6128', '15cb3909-1246-2add-33de-23e177779933', '1981-05-03 20:50:47', 910000000.0000, 83, 1, 0, 1, 'Nguyễn Thái Lệ', '2022-08-18 22:00:13', 'Nguyễn Tuấn Giang', '2022-08-24 15:54:22', '2022-08-24 15:54:22', 910000000.0000),
('ee2f204d-cde6-43fa-81dd-26dd2a4d307e', 'TS200', 'Máy tính Xách tay-091', '142cb08f-7c31-21fa-8e90-67245e8b283e', '15cb3909-1246-2add-33de-23e177779933', '1988-12-28 11:31:54', 740000000.0000, 32, 0.2, 592000000, 5, 'Trân Minh Ngọc', '2022-08-18 22:00:13', '(null)', '2022-08-24 15:54:22', '2022-08-24 15:54:22', 148000000.0000),
('f1729801-e963-4dfe-b2ae-2a61181a38dd', 'TS201', 'Máy tính Xách tay-538', '142cb08f-7c31-21fa-8e90-67245e8b283e', '765a8849-65a2-2ad9-a220-39c2f00615e8', '1990-05-05 11:55:15', 790000000.0000, 77, 0.25, 592500000, 4, 'Nguyễn Thị Anh', '2022-08-18 22:00:13', 'Nguyễn Việt Minh', '2022-08-24 15:54:22', '2022-08-24 15:54:22', 197500000.0000),
('f23e1ceb-0cba-40d8-b665-462e84f4a107', 'TS202', 'Biệt thư', '469b3ece-744a-45d5-957d-e8c757976496', '5ee2ba7f-49ee-5b09-5cbe-406293204378', '1970-01-01 00:00:04', 470000000.0000, 51, 0.25, 352500000, 4, 'Nông Minh Mạnh', '2022-08-18 22:00:13', 'Nguyễn Thị Giang', '2022-08-24 15:54:22', '2022-08-24 15:54:22', 117500000.0000),
('f347b8c3-0334-44ff-88ab-cf01812bd0ec', 'TS203', 'Biệt thư', '469b3ece-744a-45d5-957d-e8c757976496', '41c2dce0-2c38-3bc6-16cf-9712082ff6cb', '1972-10-30 07:52:07', 650000000.0000, 74, 0.2, 520000000, 5, 'Hoàng Mai Trường', '2022-08-18 22:00:13', 'Lê Thị Tuấn', '2022-08-24 15:54:22', '2022-08-24 15:54:22', 130000000.0000),
('f377d0ca-d906-4b7a-a851-5f88d3f3a48f', 'TS204', 'Biệt thư', '469b3ece-744a-45d5-957d-e8c757976496', '13548f3b-37b7-728f-ff83-196123975cb2', '1970-01-01 00:45:33', 370000000.0000, 45, 0.25, 277500000, 4, 'Trịnh Minh Lệ', '2022-08-18 22:00:13', 'Nguyễn Thị Hương', '2022-08-24 15:54:22', '2022-08-24 15:54:22', 92500000.0000),
('f3e3c7e6-65fd-4310-8431-253be773ef37', 'TS205', 'Ô tô mercedes-110', '469b3ece-744a-45d5-957d-e8c757976496', '1f94a596-32c4-2a29-8ad5-ba100c6f7bce', '1982-05-09 05:12:32', 560000000.0000, 45, 1, 0, 1, 'Nguyễn Thị Minh', '2022-08-18 22:00:13', '(null)', '2022-08-24 15:54:22', '2022-08-24 15:54:22', 560000000.0000),
('f6e4eb51-dfcb-4466-8c01-1324a3dc857a', 'TS206', 'Máy tính Xách tay-610', '469b3ece-744a-45d5-957d-e8c757976496', '38528581-656f-2902-32de-23e177779933', '1976-08-25 11:34:49', 440000000.0000, 91, 0.2, 352000000, 5, 'Nông Ngọc Hân', '2022-08-18 22:00:13', '(null)', '2022-08-24 15:54:22', '2022-08-24 15:54:22', 88000000.0000),
('f7a5a53e-368d-475f-a374-b7458ea787aa', 'TS207', 'Máy tính Xách tay-611', '4e272fc4-7875-78d6-7d32-6a1673ffca7c', '234d2569-6b1c-720c-9f20-39c2f00615e8', '2013-02-26 18:41:13', 110000000.0000, 23, 0.333333, 73333333, 3, 'Nông Mai Hoa', '2022-08-18 22:00:13', 'Trân Minh Diễm', '2022-08-24 15:54:22', '2022-08-24 15:54:22', 36666666.6667),
('f81692b6-4f3a-4282-8fb4-26669f14ed28', 'TS208', 'Máy tính Xách tay-477', '17120d02-6ab5-3e43-18cb-66948daf6128', '765a8849-65a2-2ad9-a220-39c2f00615e8', '1993-05-09 16:06:18', 140000000.0000, 3, 0.2, 112000000, 5, 'Trịnh Thái Bằng', '2022-08-18 22:00:13', 'Nông Tuấn Hương', '2022-08-24 15:54:22', '2022-08-24 15:54:22', 28000000.0000),
('fa545441-bc7a-44e9-a3e3-7bc351e36d91', 'TS209', 'Máy tính Xách tay-331', '4e272fc4-7875-78d6-7d32-6a1673ffca7c', '749af78e-699e-5d1e-7109-bf1378b8dc91', '1975-09-14 21:31:36', 780000000.0000, 13, 0.333333, 520000000, 3, 'Lê Tuấn Hường', '2022-08-18 22:00:13', 'Nguyễn Ngọc Trường', '2022-08-24 15:54:22', '2022-08-24 15:54:22', 260000000.0000),
('fa7a5e5f-b650-4bf4-bdc3-46e5739993f4', 'TS210', 'Máy tính Xách tay-572', '469b3ece-744a-45d5-957d-e8c757976496', '2cc5723c-56c3-7df9-8bd5-ba100c6f7bce', '1970-01-01 00:00:08', 860000000.0000, 6, 0.5, 430000000, 2, 'Võ Thị Hân', '2022-08-18 22:00:13', 'Nguyễn Thái Hoa', '2022-08-24 15:54:22', '2022-08-24 15:54:22', 430000000.0000),
('fd019b45-4425-4d09-ae66-8a73cb19e27e', 'TS211', 'Ô tô mercedes-924', '142cb08f-7c31-21fa-8e90-67245e8b283e', '57a3f48f-1c1d-1f04-9e20-39c2f00615e8', '1992-07-24 18:51:01', 550000000.0000, 79, 0.25, 412500000, 4, 'Nguyễn Thị Lệ', '2022-08-18 22:00:13', '(null)', '2022-08-24 15:54:22', '2022-08-24 15:54:22', 137500000.0000);

-- 
-- Restore previous SQL mode
-- 
/*!40101 SET SQL_MODE=@OLD_SQL_MODE */;

-- 
-- Enable foreign keys
-- 
/*!40014 SET FOREIGN_KEY_CHECKS = @OLD_FOREIGN_KEY_CHECKS */;