--
-- Script was generated by Devart dbForge Studio 2020 for MySQL, Version 9.0.338.0
-- Product home page: http://www.devart.com/dbforge/mysql/studio
-- Script date 8/16/2022 4:21:33 PM
-- Server version: 8.0.30
-- Client version: 4.1
--

-- 
-- Disable foreign keys
-- 
/*!40014 SET @OLD_FOREIGN_KEY_CHECKS=@@FOREIGN_KEY_CHECKS, FOREIGN_KEY_CHECKS=0 */;

-- 
-- Set SQL mode
-- 
/*!40101 SET @OLD_SQL_MODE=@@SQL_MODE, SQL_MODE='NO_AUTO_VALUE_ON_ZERO' */;

-- 
-- Set character set the client will use to send SQL statements to the server
--
SET NAMES 'utf8';

--
-- Set default database
--
USE `misa.web07.hcsn.diep`;

--
-- Drop procedure `Proc_asset_GetPaging`
--
DROP PROCEDURE IF EXISTS Proc_asset_GetPaging;

--
-- Drop table `fixed_asset`
--
DROP TABLE IF EXISTS fixed_asset;

--
-- Drop table `department`
--
DROP TABLE IF EXISTS department;

--
-- Drop table `fixed_asset_category`
--
DROP TABLE IF EXISTS fixed_asset_category;

--
-- Set default database
--
USE `misa.web07.hcsn.diep`;

--
-- Create table `fixed_asset_category`
--
CREATE TABLE fixed_asset_category (
  FixedAssetCategoryID char(36) NOT NULL DEFAULT '' COMMENT 'Id loại tài sản',
  FixedAssetCategoryCode varchar(50) NOT NULL DEFAULT '' COMMENT 'Mã loại tài sản',
  FixedAssetCategoryName varchar(255) NOT NULL DEFAULT '' COMMENT 'Tên loại tài sản',
  Note varchar(500) DEFAULT NULL COMMENT 'Ghi chú',
  CreatedBy varchar(50) DEFAULT NULL COMMENT 'Người tạo',
  CreatedDate timestamp NULL DEFAULT NULL COMMENT 'Ngày tạo',
  ModifiedBy varchar(50) DEFAULT NULL COMMENT 'Người sửa',
  ModifiedDate timestamp NULL DEFAULT NULL COMMENT 'Ngày sửa',
  PRIMARY KEY (FixedAssetCategoryID)
)
ENGINE = INNODB,
AVG_ROW_LENGTH = 282,
CHARACTER SET utf8mb4,
COLLATE utf8mb4_general_ci,
COMMENT = 'Bảng thông tin loại tài sản';

--
-- Create index `fixed_asset_category_code` on table `fixed_asset_category`
--
ALTER TABLE fixed_asset_category
ADD UNIQUE INDEX fixed_asset_category_code (FixedAssetCategoryCode);

--
-- Create table `department`
--
CREATE TABLE department (
  DepartmentID char(36) NOT NULL DEFAULT '' COMMENT 'ID bộ phận',
  DepartmentCode varchar(50) NOT NULL DEFAULT '' COMMENT 'Mã bộ phận',
  DepartmentName varchar(255) NOT NULL DEFAULT '' COMMENT 'Tên bộ phận',
  Note varchar(500) DEFAULT NULL COMMENT 'Ghi chú',
  CreatedBy varchar(50) DEFAULT NULL COMMENT 'Người tạo',
  CreatedDate timestamp NULL DEFAULT CURRENT_TIMESTAMP COMMENT 'Ngày tạo',
  ModifiedBy varchar(50) DEFAULT NULL COMMENT 'Người sửa',
  ModifiedDate timestamp NULL DEFAULT CURRENT_TIMESTAMP COMMENT 'Ngày sửa',
  PRIMARY KEY (DepartmentID)
)
ENGINE = INNODB,
AVG_ROW_LENGTH = 4096,
CHARACTER SET utf8mb4,
COLLATE utf8mb4_general_ci,
COMMENT = 'Bảng thông tin bộ phận';

--
-- Create index `department_code` on table `department`
--
ALTER TABLE department
ADD UNIQUE INDEX department_code (DepartmentCode);

--
-- Create table `fixed_asset`
--
CREATE TABLE fixed_asset (
  FixedAssetID char(36) NOT NULL DEFAULT '' COMMENT 'Id tài sản',
  FixedAssetCode varchar(100) DEFAULT NULL COMMENT 'Mã tài sản',
  FixedAssetName varchar(255) DEFAULT NULL COMMENT 'Tên tài sản',
  DepartmentID char(36) DEFAULT NULL COMMENT 'Id phòng ban',
  FixedAssetCategoryID char(36) DEFAULT NULL COMMENT 'Id loại tài sản',
  PurchaseDate timestamp NULL DEFAULT CURRENT_TIMESTAMP COMMENT 'Ngày mua',
  Cost decimal(19, 4) DEFAULT NULL COMMENT 'Nguyên giá',
  Quantity int DEFAULT 0 COMMENT 'Số lượng',
  DepreciationRate float DEFAULT NULL COMMENT 'Tỉ lệ hao mòn (%)',
  TrackedYear int DEFAULT NULL COMMENT 'Năm bắt đầu theo dõi tài sản',
  LifeTime int DEFAULT 0 COMMENT 'Số năm sử dụng',
  CreatedBy varchar(50) DEFAULT NULL COMMENT 'Người tạo',
  CreatedDate timestamp NULL DEFAULT CURRENT_TIMESTAMP COMMENT 'Ngày tạo',
  ModifiedBy varchar(50) DEFAULT NULL COMMENT 'Người sửa',
  ModifiedDate timestamp NULL DEFAULT CURRENT_TIMESTAMP COMMENT 'Ngày sửa',
  ProductionDate timestamp NULL DEFAULT CURRENT_TIMESTAMP COMMENT 'Ngày sử dụng',
  DepreciationYear int DEFAULT 1000,
  PRIMARY KEY (FixedAssetID)
)
ENGINE = INNODB,
AVG_ROW_LENGTH = 381,
CHARACTER SET utf8mb4,
COLLATE utf8mb4_general_ci,
COMMENT = 'Bảng thông tin tài sản';

--
-- Create index `asset_code` on table `fixed_asset`
--
ALTER TABLE fixed_asset
ADD UNIQUE INDEX asset_code (FixedAssetCode);

--
-- Create index `IDX_fixed_asset_FixedAssetName` on table `fixed_asset`
--
ALTER TABLE fixed_asset
ADD INDEX IDX_fixed_asset_FixedAssetName (FixedAssetName);

--
-- Create index `UK_fixed_asset_FixedAssetCode` on table `fixed_asset`
--
ALTER TABLE fixed_asset
ADD UNIQUE INDEX UK_fixed_asset_FixedAssetCode (FixedAssetCode);

--
-- Create foreign key
--
ALTER TABLE fixed_asset
ADD CONSTRAINT FK_fixed_asset_department_DepartmentID FOREIGN KEY (DepartmentID)
REFERENCES department (DepartmentID);

--
-- Create foreign key
--
ALTER TABLE fixed_asset
ADD CONSTRAINT FK_fixed_asset_fixed_asset_category_FixedAssetCategoryID FOREIGN KEY (FixedAssetCategoryID)
REFERENCES fixed_asset_category (FixedAssetCategoryID);

DELIMITER $$

--
-- Create procedure `Proc_asset_GetPaging`
--
CREATE PROCEDURE Proc_asset_GetPaging (IN v_Offset int, IN v_Limit int, IN v_Sort varchar(100), IN v_Where varchar(1000))
SQL SECURITY INVOKER
BEGIN
  -- =============================================
  -- Author:        BuiQuangDiep
  -- Created date:  11/08/2022
  -- Description:   Lấy danh sách tài sản và tổng số nhân viên có phân trang
  -- Modified by:   
  -- Code chạy thử: CALL `misa.web07.hcsn.diep`.Proc_asset_GetPaging(0, 10, NULL, "EmployeeName like '%Trường%'");
  -- =============================================
  -- IF NULL LÀ 1 HÀM THAM SỐ ĐẦU VÀO
  -- Tham số đầu vào thứ 2 là giá trị mặc định nếu chuỗi kiểm tra là null
  -- Nếu chuỗi kiểm tra không null thì trả vè chính nó
  IF IFNULL(v_Where, '') = '' THEN
    SET v_Where = '1=1';
  END IF;

  IF IFNULL(v_Sort, '') = '' THEN
    SET v_Sort = 'ModifiedDate DESC';
  END IF;

  IF v_Limit = -1 THEN
    SET @filterQuery = CONCAT('SELECT * FROM fixed_asset WHERE ', v_Where, ' ORDER BY ', v_Sort);
  ELSE
    SET @filterQuery = CONCAT('SELECT * FROM fixed_asset WHERE ', v_Where, ' ORDER BY ', v_Sort, ' LIMIT ', v_Offset, ',', v_Limit);
  END IF;

  PREPARE filterQuery FROM @filterQuery;
  EXECUTE filterQuery;
  DEALLOCATE PREPARE filterQuery;

  SET @filterQuery = CONCAT('SELECT count(FixedAssetID) AS TotalCount FROM fixed_asset WHERE ', v_Where);
  PREPARE filterQuery FROM @filterQuery;
  EXECUTE filterQuery;
  DEALLOCATE PREPARE filterQuery;
END
$$

DELIMITER ;

-- 
-- Dumping data for table fixed_asset_category
--
INSERT INTO fixed_asset_category VALUES
('12437806-26ac-3517-9c0b-87ae14180c33', 'LTS516', '\r\nXe sửa chữa điện', NULL, 'Trân Thị Thuận', '2022-01-01 00:00:14', 'Nguyễn Thị Bằng', '2022-02-20 19:41:48'),
('13548f3b-37b7-728f-ff83-196123975cb2', 'LTS936', '\r\nVật kiến trúc', NULL, 'Nguyễn Thị Mạnh', '2022-02-16 08:20:19', 'Mai Thị Linh', '2022-05-16 21:20:21'),
('148ed882-32b8-218e-9c20-39c2f00615e8', 'LTS627', '\r\nTàu biển chở hàng hóa', NULL, 'Nguyễn Thị Trường', '2022-05-30 15:47:03', 'Trân Ngọc Ly', '2022-07-22 15:41:07'),
('14ee7bc0-194c-3948-57be-406293204378', 'LTS433', '\r\nXe chở diễn viên, vận động viên', NULL, 'Nguyễn Thị Loan', '2022-02-19 08:04:02', 'Nguyễn Minh Hoàng', '2022-01-16 11:18:41'),
('15cb3909-1246-2add-33de-23e177779933', 'LTS795', '\r\nXe hộ đê', NULL, 'Lê Thị Giang', '2022-06-01 22:25:33', 'Nông Thái Hoàng', '2022-01-01 00:01:05'),
('15d0d796-1465-4665-fc83-196123975cb2', 'LTS589', '\r\nXe mô tô, gắn máy', NULL, 'Nguyễn Thị Giang', '2022-02-15 23:49:11', 'Nguyễn Minh Tuấn', '2022-04-01 12:31:24'),
('1791bb94-7da7-2a8b-8dd5-ba100c6f7bce', 'LTS127', '\r\nXe kiểm lâm', NULL, 'Mai Văn Ly', '2022-06-06 10:02:56', 'Nguyễn Thị Tuấn', '2022-06-08 09:26:35'),
('182ac03d-3bc5-1d27-7309-bf1378b8dc91', 'LTS669', '\r\nXe lễ tân nhà nước', NULL, 'Bùi Thị Hương', '2022-01-12 16:57:11', 'Mai Thị Thành', '2022-03-30 16:10:26'),
('1b691e79-236d-5b5a-9d20-39c2f00615e8', 'LTS637', '\r\nCác vật kiến trúc khác', NULL, 'Nông Thái Hương', '2022-07-09 23:18:07', 'Nguyễn Thị Loan', '2022-01-28 13:51:27'),
('1d3986c3-11ae-3e82-85c0-08fd2f807219', 'LTS166', '\r\nXe thu phát điện báo', NULL, 'Bùi Ngọc Hường', '2022-06-18 08:10:11', 'Nguyễn Minh Hoàng', '2022-01-01 00:01:38'),
('1f94a596-32c4-2a29-8ad5-ba100c6f7bce', 'LTS419', '\r\nXe tập lái', NULL, 'Trân Ngọc Anh', '2022-04-04 03:13:09', 'Nguyễn Thị Hân', '2022-04-28 15:36:36'),
('204c0070-4a99-51b1-7209-bf1378b8dc91', 'LTS371', '\r\nXe chuyên dùng khác', NULL, 'Nguyễn Văn Ly', '2022-01-01 00:10:23', 'Nguyễn Thái Mạnh', '2022-06-01 16:17:00'),
('20bbbd0b-3c4a-7d94-6f09-bf1378b8dc91', 'LTS253', '\r\nXe phòng chống dịch', NULL, 'Hoàng Thái Anh', '2022-01-01 00:00:31', 'Nguyễn Minh Hiếu', '2022-01-01 00:10:13'),
('22f29725-54f0-11f0-9d0b-87ae14180c33', 'LTS552', '\r\nXe trang bị phòng thí nghiệm', NULL, 'Nông Thái Ly', '2022-07-20 23:13:11', 'Lê Việt Diễm', '2022-07-16 05:31:29'),
('234d2569-6b1c-720c-9f20-39c2f00615e8', 'LTS578', '\r\nXe 9 đến 12 chỗ', NULL, 'Nguyễn Diễm Mạnh', '2022-01-01 00:10:47', 'Võ Việt Anh', '2022-01-13 07:43:24'),
('2520d168-1494-4217-89d5-ba100c6f7bce', 'LTS718', '\r\nDi tích lịch sử được xếp hạng', NULL, 'Nguyễn Văn Hân', '2022-03-15 23:19:35', 'Nguyễn Việt Ngọc', '2022-01-01 00:00:09'),
('2535c718-4dd9-311b-8cd5-ba100c6f7bce', 'LTS712', '\r\nXe chở phạm nhân ', NULL, 'Nguyễn Ngọc Thái', '2022-07-16 07:06:17', 'Nông Mai Thuận', '2022-07-12 13:29:14'),
('25502e11-38ba-4c53-fe83-196123975cb2', 'LTS002', '\r\nPhương tiện vận tải đường bộ', NULL, 'Nguyễn Văn Thuận', '2022-01-01 00:51:28', 'Mai Mai Loan', '2022-01-01 00:00:07'),
('25c6c36e-1668-7d10-6e09-bf1378b8dc91', 'LTS464', 'Nhà, công trình xây dựng', NULL, 'Nguyễn Thị Trường', '2022-04-06 02:22:34', 'Lê Minh Anh', '2022-07-20 08:52:05'),
('26de5798-48e1-14d3-9f0b-87ae14180c33', 'LTS437', '\r\nXe tải các loại', NULL, 'Trân Thị Thanh', '2022-06-07 13:42:44', 'Hoàng Thị Lệ', '2022-06-16 20:56:53'),
('28018b36-16ff-393b-a020-39c2f00615e8', 'LTS178', '\r\nTài sản cố định hữu hình khác', NULL, 'Hoàng Ngọc Trường', '2022-05-17 05:57:03', 'Lê Thị Hân', '2022-01-29 15:24:32'),
('2c6981c9-286a-4e7b-88c0-08fd2f807219', 'LTS822', '\r\nXe đưa đón giáo viên, học sinh', NULL, 'Nguyễn Việt Hiếu', '2022-05-06 18:27:18', 'Trân Thái Diễm', '2022-01-01 00:44:27'),
('2cc5723c-56c3-7df9-8bd5-ba100c6f7bce', 'LTS469', '\r\nXe quét đường', NULL, 'Bùi Tuấn Hương', '2022-01-25 11:56:44', 'Lê Thị Thành', '2022-01-01 00:36:44'),
('2ea8deee-1b95-2a51-88d5-ba100c6f7bce', 'LTS675', '\r\nXe phòng chống lụt bão', NULL, 'Nguyễn Minh Hân', '2022-02-07 05:35:01', 'Nguyễn Thị Hường', '2022-03-19 09:23:39'),
('354f1b13-17bf-1b52-87d5-ba100c6f7bce', 'LTS273', '\r\nXe thanh tra giao thông', NULL, 'Nguyễn Ngọc Mai', '2022-04-08 10:01:57', 'Nguyễn Tuấn Ly', '2022-01-01 00:01:08'),
('357d7c4e-4b7f-11c2-84c0-08fd2f807219', 'LTS109', '\r\nXe ô tô', NULL, 'Bùi Minh Minh', '2022-01-01 00:00:06', 'Hoàng Ngọc Thuận', '2022-03-15 22:24:51'),
('36104b10-705b-57a8-83c0-08fd2f807219', 'LTS805', '\r\nXe chở chó nghiệp vụ', NULL, 'Nguyễn Văn Linh', '2022-08-05 04:23:41', 'Hoàng Văn Hoa', '2022-04-19 19:35:08'),
('3700cc49-55b5-69ea-4929-a2925c0f334d', 'LTS027', '\r\nXe cứu hỏa', NULL, 'Nguyễn Việt Hoa', '2022-01-13 22:32:32', 'Nguyễn Ngọc Ly', '2022-01-01 01:08:43'),
('37dd9bb0-4c53-4134-31de-23e177779933', 'LTS915', '\r\nXe ca trên 16 chỗ ngồi các loại', NULL, 'Nguyễn Diễm Trường', '2022-01-01 00:15:15', 'Nguyễn Ngọc Cường', '2022-02-22 07:43:47'),
('38528581-656f-2902-32de-23e177779933', 'LTS457', '\r\nXe 4 đến 5 chỗ', NULL, 'Nguyễn Diễm Hương', '2022-01-01 21:11:52', 'Lê Ngọc Hoa', '2022-03-19 22:25:02'),
('38fae0a4-2a8d-7751-17cf-9712082ff6cb', 'LTS841', '\r\nCổ vật', NULL, 'Trân Mai Tuấn', '2022-01-01 00:06:23', 'Nguyễn Minh Hoàng', '2022-01-01 00:09:35'),
('3b86d2ed-446c-5fce-56be-406293204378', 'LTS028', '\r\nPhương tiện vận tải đường thủy', NULL, 'Nông Tuấn Hoa', '2022-08-11 11:51:41', 'Trân Minh Hân', '2022-07-25 21:59:38'),
('3bad7541-7915-6d1b-34de-23e177779933', 'LTS241', '\r\nPhương tiện vận tải đường sắt', NULL, 'Nguyễn Mai Trường', '2022-01-01 00:01:38', 'Bùi Thái Hân', '2022-01-01 01:57:04'),
('40480f96-2014-7c36-4c29-a2925c0f334d', 'LTS031', '\r\nXe ép rác', NULL, 'Võ Thị Hiếu', '2022-08-05 17:59:13', 'Nguyễn Ngọc Loan', '2022-01-19 17:10:39'),
('40dcb887-554e-6059-a120-39c2f00615e8', 'LTS473', '', NULL, 'Nguyễn Minh Ngọc', '2022-01-01 00:00:54', 'Trân Thị Mai', '2022-06-19 00:24:14'),
('41c2dce0-2c38-3bc6-16cf-9712082ff6cb', 'LTS966', '\r\nPhương tiện vận tải', NULL, 'Trân Ngọc Ngọc', '2022-01-01 00:00:05', 'Nguyễn Văn Anh', '2022-08-06 15:30:07'),
('486f3705-5928-5b0d-15cf-9712082ff6cb', 'LTS671', '\r\nXe 6 đến 8 chỗ', NULL, 'Võ Diễm Thanh', '2022-04-19 04:25:30', 'Trân Ngọc Linh', '2022-01-01 00:00:03'),
('4931f441-237d-4e19-9e0b-87ae14180c33', 'LTS250', '\r\nNhà cấp I', NULL, 'Nguyễn Văn Thành', '2022-03-11 17:11:52', 'Nguyễn Việt Ly', '2022-04-29 05:21:31'),
('4a4a8c90-2e57-215e-58be-406293204378', 'LTS009', '\r\nXe phun nước', NULL, 'Hoàng Văn Giang', '2022-01-01 02:16:16', 'Trịnh Thị Anh', '2022-08-01 15:26:08'),
('4d759fc8-400f-6e8f-5bbe-406293204378', 'LTS087', '\r\nXe phục vụ chung', NULL, 'Nguyễn Minh Hân', '2022-01-01 00:00:58', 'Lê Ngọc Hân', '2022-01-08 15:09:20'),
('4fbf7ac2-4f95-259e-fd83-196123975cb2', 'LTS256', '\r\nNhà cấp IV', NULL, 'Mai Tuấn Diễm', '2022-04-10 09:13:56', 'Bùi Văn Thái', '2022-01-01 01:45:10'),
('53baae5e-52f2-2642-4a29-a2925c0f334d', 'LTS067', '\r\nXe cứu thương', NULL, 'Nguyễn Thị Mạnh', '2022-05-11 11:51:53', 'Hoàng Việt Mạnh', '2022-04-16 22:40:26'),
('57a3f48f-1c1d-1f04-9e20-39c2f00615e8', 'LTS234', '\r\nXe phát sóng lên vệ tinh', NULL, 'Nguyễn Minh Hường', '2022-01-05 23:24:56', 'Nguyễn Việt Ngọc', '2022-01-01 00:00:01'),
('5c9f5f1a-6f5c-49cc-59be-406293204378', 'LTS599', '\r\nNhà cấp III', NULL, 'Nguyễn Mai Hoa', '2022-07-04 08:29:40', 'Nguyễn Thị Lệ', '2022-04-30 12:05:08'),
('5ca4f407-2d2d-24db-18cf-9712082ff6cb', 'LTS903', '\r\nXe cần cẩu', NULL, 'Nguyễn Minh Giang', '2022-01-01 00:00:06', 'Trân Thị Thái', '2022-01-24 00:42:37'),
('5ee2ba7f-49ee-5b09-5cbe-406293204378', 'LTS115', '\r\nKho chứa, bể chứa', NULL, 'Hoàng Thái Bằng', '2022-04-25 06:57:54', 'Trân Thái Hương', '2022-01-14 01:04:00'),
('62a849b4-1145-4227-7009-bf1378b8dc91', 'LTS379', '\r\nQuyền tác giả', NULL, 'Nguyễn Minh Diễm', '2022-02-07 09:23:26', 'Nguyễn Tuấn Loan', '2022-01-06 03:46:46'),
('6b47b37f-3123-3ce7-14cf-9712082ff6cb', 'LTS851', '\r\nQuyền sở hữu công nghiệp', NULL, 'Nguyễn Ngọc Thuận', '2022-01-01 00:09:27', 'Nguyễn Thị Ngọc', '2022-05-01 20:03:03'),
('6c2d254c-51c8-2ac9-7409-bf1378b8dc91', 'LTS006', '\r\nXe chở rác', NULL, 'Nguyễn Ngọc Ly', '2022-05-20 08:49:57', 'Hoàng Thái Mai', '2022-01-01 00:00:41'),
('6e98d16d-1cee-3d90-4d29-a2925c0f334d', 'LTS617', '\r\nXe 13 đến 16 chỗ', NULL, 'Trịnh Thị Hoa', '2022-01-01 00:04:04', 'Trân Ngọc Giang', '2022-01-01 00:00:05'),
('749af78e-699e-5d1e-7109-bf1378b8dc91', 'LTS142', '\r\nNhà cấp II', NULL, 'Trịnh Tuấn Tuấn', '2022-05-23 07:06:34', 'Nguyễn Thị Hoa', '2022-04-15 16:53:33'),
('749f165c-16de-4b32-86c0-08fd2f807219', 'LTS079', '\r\nXe ôtô chuyên dùng ', NULL, 'Võ Văn Hoa', '2022-03-25 04:43:31', 'Nguyễn Diễm Diễm', '2022-03-08 21:28:14'),
('74de5ccc-59ee-1411-a00b-87ae14180c33', 'LTS709', '\r\nXe chống buôn lậu', NULL, 'Võ Tuấn Hiếu', '2022-06-10 10:53:12', 'Nguyễn Thị Hoa', '2022-06-10 21:23:06'),
('75541709-3f4a-4f20-87c0-08fd2f807219', 'LTS026', '\r\nKè, đập, đê, cống, kênh', NULL, 'Nguyễn Thị Mạnh', '2022-06-05 09:37:01', 'Nguyễn Thị Cường', '2022-05-01 17:56:44'),
('765a8849-65a2-2ad9-a220-39c2f00615e8', 'LTS474', '\r\nXe ôtô phục vụ chức danh', NULL, 'Trân Ngọc Hân', '2022-05-06 21:22:41', 'Nguyễn Ngọc Thái', '2022-01-23 23:30:16'),
('777df041-51a7-37b6-7509-bf1378b8dc91', 'LTS605', '\r\nLăng tẩm', NULL, 'Nguyễn Thị Bằng', '2022-02-06 18:44:55', 'Hoàng Ngọc Hương', '2022-06-06 10:17:08'),
('7c94355d-4702-3a9b-5abe-406293204378', 'LTS763', '\r\nXe văn hóa thông tin lưu động', NULL, 'Mai Minh Hoa', '2022-01-19 19:44:41', 'Nguyễn Minh Trường', '2022-05-06 18:32:45'),
('7dbd90f6-6015-12c6-4b29-a2925c0f334d', 'LTS218', '\r\nTSCĐ đặc thù khác', NULL, 'Mai Tuấn Mạnh', '2022-01-01 00:57:14', 'Nguyễn Việt Bằng', '2022-03-16 11:58:09');

-- 
-- Dumping data for table department
--
INSERT INTO department VALUES
('142cb08f-7c31-21fa-8e90-67245e8b283e', 'D001', ' Bộ giáo dục', NULL, 'Nguyễn Tuấn Mạnh', '2022-01-01 00:07:13', 'Nguyễn Tuấn Thành', '2022-01-01 00:00:04'),
('17120d02-6ab5-3e43-18cb-66948daf6128', 'D003', 'Bộ công an ', NULL, 'Võ Thị Bằng', '2022-03-27 00:45:33', 'Nguyễn Minh Giang', '2022-07-03 11:59:49'),
('469b3ece-744a-45d5-957d-e8c757976496', 'D005', 'Phòng hành chính sự nghiệp', NULL, 'Nông Thị Mai', '2022-01-11 12:06:21', 'Võ Ngọc Thái', '2022-02-19 15:30:49'),
('4e272fc4-7875-78d6-7d32-6a1673ffca7c', 'D002', 'Phòng nhân sự ', NULL, 'Bùi Ngọc Thuận', '2022-05-21 18:25:29', 'Nguyễn Mai Hương', '2022-01-01 00:00:08');

-- 
-- Dumping data for table fixed_asset
--
INSERT INTO fixed_asset VALUES
('00000000-0000-0000-0000-000000000000', 'TS998', 'Dell Inspiron 3467', '142cb08f-7c31-21fa-8e90-67245e8b283e', '57a3f48f-1c1d-1f04-9e20-39c2f00615e8', '2022-08-16 10:56:26', 1.0000, 1, 0, 0, 0, 'Bùi Quang Điệp', '2022-08-16 10:56:26', 'Bùi Quang Điệp', '2022-08-16 10:56:26', '2022-08-16 10:56:26', 1000),
('11a8748f-3464-740c-28c2-579daad24557', 'TS554', 'Máy tính Xách tay-828', '17120d02-6ab5-3e43-18cb-66948daf6128', '57a3f48f-1c1d-1f04-9e20-39c2f00615e8', '2022-08-14 18:35:12', 370000000.0000, 37, 0.1, 9, 2022, 'Nguyễn Ngọc Hiếu', '2022-01-01 02:05:18', 'Nguyễn Minh Ngọc', '2022-01-01 00:00:03', '2022-01-22 07:27:04', 1),
('1208b54a-66ee-355a-46c2-579daad24557', 'TS675', 'Máy tính Xách tay-217', '17120d02-6ab5-3e43-18cb-66948daf6128', '74de5ccc-59ee-1411-a00b-87ae14180c33', '2022-08-14 18:35:12', 260000000.0000, 2, 0.1, 26739, 2022, 'Trịnh Minh Linh', '2022-04-02 22:59:30', 'Nguyễn Thị Anh', '2022-03-26 21:26:52', '2022-07-09 16:33:12', 1),
('1219e510-59ef-36fc-45c2-579daad24557', 'TS662', 'Máy tính Xách tay-991', '142cb08f-7c31-21fa-8e90-67245e8b283e', '40dcb887-554e-6059-a120-39c2f00615e8', '2022-08-14 18:35:12', 470000000.0000, 37, 0.2, 37, 2022, 'Nguyễn Thái Thuận', '2022-03-23 03:10:27', 'Nguyễn Mai Hiếu', '2022-05-30 03:38:43', '2022-01-28 19:28:22', 1),
('12693b29-274c-35ce-d11d-086412a8ea97', 'TS109', 'Máy tính Xách tay-220', '469b3ece-744a-45d5-957d-e8c757976496', '13548f3b-37b7-728f-ff83-196123975cb2', '2022-08-14 18:35:12', 280000000.0000, 82, 0.4, 1235, 2022, 'Nguyễn Việt Trường', '2022-02-25 08:18:41', 'Nguyễn Minh Cường', '2022-03-31 20:41:09', '2022-04-29 07:33:05', 1),
('12e12a5c-6e3a-503a-d71d-086412a8ea97', 'TS162', 'Máy tính Xách tay-001', '142cb08f-7c31-21fa-8e90-67245e8b283e', '6e98d16d-1cee-3d90-4d29-a2925c0f334d', '2022-08-14 18:35:12', 780000000.0000, 22, 0.7, 60678, 2022, 'Bùi Thị Tuấn', '2022-04-10 03:07:28', 'Nguyễn Thái Tuấn', '2022-01-01 00:00:06', '2022-01-01 00:00:07', 1),
('12e1b096-3542-127a-1077-d9ebc53aac3d', 'TS601', 'Ô tô mercedes-971', '469b3ece-744a-45d5-957d-e8c757976496', '26de5798-48e1-14d3-9f0b-87ae14180c33', '2022-08-14 18:35:12', 160000000.0000, 49, 0.4, 4, 2022, 'Nguyễn Văn Mạnh', '2022-03-04 15:32:50', 'Nguyễn Thị Mạnh', '2022-01-01 00:00:05', '2022-03-08 15:34:28', 1),
('13241f9b-34c5-6720-9641-c1ec321fe728', 'TS785', 'Ô tô mercedes-565', '469b3ece-744a-45d5-957d-e8c757976496', '2cc5723c-56c3-7df9-8bd5-ba100c6f7bce', '2022-08-14 18:35:12', 300000000.0000, 50, 0, 47, 2022, 'Nguyễn Minh Loan', '2022-02-04 03:20:17', 'Nguyễn Ngọc Hương', '2022-02-26 19:56:54', '2022-02-19 05:30:10', 1),
('134608bd-48c2-5fd7-1435-60b3ebf808a9', 'TS565', 'Ô tô mercedes-551', '4e272fc4-7875-78d6-7d32-6a1673ffca7c', '2ea8deee-1b95-2a51-88d5-ba100c6f7bce', '2022-08-14 18:35:12', 520000000.0000, 80, 0.1, 86, 2022, 'Trân Thị Hân', '2022-01-03 22:31:53', 'Nguyễn Thị Hường', '2022-04-05 19:21:12', '2022-03-29 13:19:31', 1),
('13e1d857-71ca-355c-5835-0028ed526dd0', 'TS422', 'Điện thoại-326', '4e272fc4-7875-78d6-7d32-6a1673ffca7c', '182ac03d-3bc5-1d27-7309-bf1378b8dc91', '2022-08-14 18:35:12', 740000000.0000, 41, 0.5, 2382, 2022, 'Nguyễn Thái Ly', '2022-03-16 09:33:33', 'Nguyễn Tuấn Hường', NULL, '2022-06-16 10:26:50', 1),
('13ede5b6-19dd-563e-1980-de64d090a2c2', 'TS884', 'Máy tính Xách tay-736', '142cb08f-7c31-21fa-8e90-67245e8b283e', '1b691e79-236d-5b5a-9d20-39c2f00615e8', '2022-08-14 18:35:12', 100000000.0000, 81, 0.4, 205, 2022, 'Nguyễn Thị Hân', '2022-01-09 12:53:45', 'Nông Thị Minh', '2022-01-01 00:12:43', '2022-01-14 02:28:13', 1),
('143e4110-751a-5474-1f80-de64d090a2c2', 'TS117', 'Ô tô mercedes-505', '4e272fc4-7875-78d6-7d32-6a1673ffca7c', '2ea8deee-1b95-2a51-88d5-ba100c6f7bce', '2022-08-14 18:35:12', 760000000.0000, 15, 0.1, 74840, 2022, 'Nguyễn Thái Hương', '2022-07-10 19:22:25', 'Bùi Minh Lệ', '2022-07-17 02:43:45', '2022-02-06 06:55:30', 1),
('14aa1334-3d35-32c4-30c2-579daad24557', 'TS851', 'Điện thoại-845', '4e272fc4-7875-78d6-7d32-6a1673ffca7c', '26de5798-48e1-14d3-9f0b-87ae14180c33', '2022-08-14 18:35:12', 250000000.0000, 59, 0, 50, 2022, 'Nông Việt Hường', '2022-06-25 18:50:56', 'Nguyễn Ngọc Hương', '2022-01-01 00:00:01', '2022-05-16 00:22:54', 1),
('1518ced5-6993-37f8-6180-7ed9d1ea06ea', 'TS189', 'Máy tính Xách tay-533', '17120d02-6ab5-3e43-18cb-66948daf6128', '37dd9bb0-4c53-4134-31de-23e177779933', '2022-08-14 18:35:12', 710000000.0000, 69, 0.9, 263, 2022, 'Nguyễn Văn Hoàng', '2022-01-13 16:04:56', 'Nguyễn Mai Thuận', '2022-04-04 15:35:09', '2022-08-10 17:02:54', 1),
('156bb711-53c6-12ee-5d80-7ed9d1ea06ea', 'TS090', 'Ô tô mercedes-886', '142cb08f-7c31-21fa-8e90-67245e8b283e', '15cb3909-1246-2add-33de-23e177779933', '2022-08-14 18:35:12', 740000000.0000, 32, 0.1, 18, 2022, 'Trân Minh Ngọc', '2022-07-22 07:05:42', NULL, '2022-01-01 00:00:36', '2022-07-30 05:08:27', 1),
('15acfdfd-12d7-52f6-2777-d9ebc53aac3d', 'TS245', 'Ô tô mercedes-668', '17120d02-6ab5-3e43-18cb-66948daf6128', '4931f441-237d-4e19-9e0b-87ae14180c33', '2022-08-14 18:35:12', 260000000.0000, 5, 0.8, 63184, 2022, 'Nguyễn Văn Ngọc', '2022-06-08 03:40:13', NULL, '2022-07-16 22:25:02', '2022-01-01 02:09:40', 1),
('15f7fc94-6dce-3bce-2680-de64d090a2c2', 'TS381', 'Ô tô mercedes-184', '4e272fc4-7875-78d6-7d32-6a1673ffca7c', '749af78e-699e-5d1e-7109-bf1378b8dc91', '2022-08-14 18:35:12', 610000000.0000, 71, 0.6, 69147, 2022, 'Lê Tuấn Ngọc', '2022-03-31 07:38:24', NULL, NULL, '2022-03-27 14:59:59', 1),
('1737c16a-1277-1be3-3bc2-579daad24557', 'TS948', 'Máy tính Xách tay-237', '17120d02-6ab5-3e43-18cb-66948daf6128', '765a8849-65a2-2ad9-a220-39c2f00615e8', '2022-08-14 18:35:12', 140000000.0000, 3, 0.5, 0, 2022, 'Trịnh Thái Bằng', '2022-07-05 08:56:46', 'Nông Tuấn Hương', '2022-07-01 03:09:52', '2022-01-04 05:22:24', 1),
('17872e95-3d24-6d1a-32c2-579daad24557', 'TS506', 'Ô tô mercedes-265', '142cb08f-7c31-21fa-8e90-67245e8b283e', '1791bb94-7da7-2a8b-8dd5-ba100c6f7bce', '2022-08-14 18:35:12', 760000000.0000, 14, 0.6, 27337, 2022, 'Hoàng Minh Thành', '2022-04-16 15:01:01', 'Võ Thị Ly', '2022-06-28 05:40:31', '2022-01-01 00:00:09', 1),
('184de98f-2046-1e3f-3377-d9ebc53aac3d', 'TS513', 'Máy tính Xách tay-465', '142cb08f-7c31-21fa-8e90-67245e8b283e', '62a849b4-1145-4227-7009-bf1378b8dc91', '2022-08-14 18:35:12', 140000000.0000, 28, 0, 6, 2022, 'Hoàng Thị Linh', '2022-04-05 11:53:09', 'Mai Thái Tuấn', NULL, '2022-01-01 00:04:15', 1),
('1894486a-2191-4a91-ccd2-89b22d10517e', 'TS641', 'Điện thoại-898', '142cb08f-7c31-21fa-8e90-67245e8b283e', '13548f3b-37b7-728f-ff83-196123975cb2', '2022-08-14 18:35:12', 520000000.0000, 11, 0.7, 2, 2022, 'Võ Ngọc Bằng', '2022-07-12 08:06:38', 'Bùi Ngọc Hân', NULL, '2022-05-19 01:34:16', 1),
('18baaac1-2b18-2317-b9d2-89b22d10517e', 'TS823', 'Máy tính Xách tay-678', '469b3ece-744a-45d5-957d-e8c757976496', '15d0d796-1465-4665-fc83-196123975cb2', '2022-08-14 18:35:12', 160000000.0000, 62, 0.1, 5402, 2022, 'Nguyễn Diễm Hân', '2022-02-21 16:24:50', 'Trân Văn Anh', '2022-03-08 17:37:20', '2022-01-01 00:03:47', 1),
('18bbd5d8-6c2d-154c-bad2-89b22d10517e', 'TS351', 'Ô tô mercedes-042', '142cb08f-7c31-21fa-8e90-67245e8b283e', '25c6c36e-1668-7d10-6e09-bf1378b8dc91', '2022-08-14 18:35:12', 900000000.0000, 11, 0.1, 191, 2022, 'Mai Thị Trường', '2022-07-05 18:40:50', 'Nông Thị Trường', '2022-02-05 22:48:26', '2022-01-01 00:00:07', 1),
('18d2ec1b-61c5-1896-2ec2-579daad24557', 'TS756', 'Máy tính Xách tay-082', '469b3ece-744a-45d5-957d-e8c757976496', '2cc5723c-56c3-7df9-8bd5-ba100c6f7bce', '2022-08-14 18:35:12', 640000000.0000, 70, 0.4, 3, 2022, 'Võ Thị Thuận', '2022-03-11 16:51:40', 'Nông Thị Loan', '2022-01-01 01:12:19', '2022-01-08 21:05:01', 1),
('1906737f-3aed-5704-1777-d9ebc53aac3d', 'TS371', 'Ô tô mercedes-889', '142cb08f-7c31-21fa-8e90-67245e8b283e', '354f1b13-17bf-1b52-87d5-ba100c6f7bce', '2022-08-14 18:35:12', 730000000.0000, 31, 0.4, 3467, 2022, 'Nguyễn Văn Hương', '2022-01-01 00:35:58', 'Lê Mai Ngọc', '2022-02-26 09:33:59', '2022-03-01 10:21:57', 1),
('19208572-271c-6122-3177-d9ebc53aac3d', 'TS339', 'Ô tô mercedes-141', '469b3ece-744a-45d5-957d-e8c757976496', '37dd9bb0-4c53-4134-31de-23e177779933', '2022-08-14 18:35:12', 950000000.0000, 49, 0.5, 8, 2022, 'Nguyễn Thị Loan', '2022-01-01 00:00:05', NULL, '2022-01-01 00:00:28', '2022-02-11 02:05:32', 1),
('19256041-7623-2834-6df6-423b4e874d0f', 'TS273', 'Điện thoại-385', '142cb08f-7c31-21fa-8e90-67245e8b283e', '22f29725-54f0-11f0-9d0b-87ae14180c33', '2022-08-14 18:35:12', 580000000.0000, 40, 0, 29769, 2022, 'Nông Mai Anh', '2022-01-01 00:06:47', NULL, '2022-06-02 20:17:14', '2022-06-30 00:09:17', 1),
('192b3b9d-5e60-3b13-5b80-7ed9d1ea06ea', 'TS932', 'Điện thoại-140', '142cb08f-7c31-21fa-8e90-67245e8b283e', '5ee2ba7f-49ee-5b09-5cbe-406293204378', '2022-08-14 18:35:12', 740000000.0000, 41, 0.8, 1549, 2022, 'Nguyễn Việt Anh', '2022-01-31 21:44:28', 'Nguyễn Thị Loan', '2022-05-06 13:51:01', '2022-07-02 11:52:28', 1),
('197fda97-5a35-781d-0e77-d9ebc53aac3d', 'TS697', 'Ô tô mercedes-306', '469b3ece-744a-45d5-957d-e8c757976496', '5ca4f407-2d2d-24db-18cf-9712082ff6cb', '2022-08-14 18:35:12', 740000000.0000, 53, 0.5, 254, 2022, 'Nguyễn Việt Thuận', '2022-08-04 22:41:55', 'Nông Ngọc Hân', '2022-01-01 12:51:37', '2022-02-28 06:32:38', 1),
('199db575-444b-2633-6880-7ed9d1ea06ea', 'TS812', 'Máy tính Xách tay-181', '142cb08f-7c31-21fa-8e90-67245e8b283e', '25c6c36e-1668-7d10-6e09-bf1378b8dc91', '2022-08-14 18:35:12', 470000000.0000, 92, 0.3, 569, 2022, 'Nguyễn Minh Trường', '2022-01-01 00:00:06', 'Nguyễn Tuấn Cường', '2022-01-01 00:00:04', '2022-01-19 11:30:08', 1),
('1b05fdba-145b-7ab0-8d41-c1ec321fe728', 'TS398', 'Máy tính Xách tay-480', '4e272fc4-7875-78d6-7d32-6a1673ffca7c', '234d2569-6b1c-720c-9f20-39c2f00615e8', '2022-08-14 18:35:12', 250000000.0000, 31, 0.5, 7, 2022, 'Trịnh Thái Ly', '2022-03-16 13:41:14', 'Nguyễn Văn Hân', '2022-01-09 01:31:03', '2022-03-16 14:58:11', 1),
('1b972dfb-67eb-5f25-39c2-579daad24557', 'TS766', 'Máy tính Xách tay-751', '469b3ece-744a-45d5-957d-e8c757976496', '41c2dce0-2c38-3bc6-16cf-9712082ff6cb', '2022-08-14 18:35:12', 500000000.0000, 98, 0.8, 4, 2022, 'Trân Thị Mai', '2022-01-01 00:11:41', 'Lê Thị Giang', '2022-04-18 03:32:55', '2022-02-22 14:13:43', 1),
('1c98cac7-2784-73af-43c2-579daad24557', 'TS789', 'Ô tô mercedes-662', '142cb08f-7c31-21fa-8e90-67245e8b283e', '182ac03d-3bc5-1d27-7309-bf1378b8dc91', '2022-08-14 18:35:12', 720000000.0000, 55, 0.3, 0, 2022, 'Trịnh Thị Hường', '2022-02-28 08:22:28', 'Nguyễn Thái Hương', '2022-01-01 00:00:38', '2022-01-01 00:01:02', 1),
('1ca4f185-7203-2a84-40c2-579daad24557', 'TS865', 'Máy tính Xách tay-413', '469b3ece-744a-45d5-957d-e8c757976496', '38528581-656f-2902-32de-23e177779933', '2022-08-14 18:35:12', 420000000.0000, 49, 0.2, 2, 2022, 'Nông Ngọc Hân', '2022-02-13 22:18:30', 'Nông Thị Anh', '2022-03-08 13:53:18', '2022-08-04 15:05:15', 1),
('1d05a704-5376-15ba-1477-d9ebc53aac3d', 'TS255', 'Máy tính Xách tay-810', '142cb08f-7c31-21fa-8e90-67245e8b283e', '3700cc49-55b5-69ea-4929-a2925c0f334d', '2022-08-14 18:35:12', 560000000.0000, 25, 0.5, 7, 2022, 'Mai Văn Anh', '2022-01-01 00:16:16', 'Nguyễn Minh Anh', '2022-01-31 16:29:54', '2022-01-01 01:21:14', 1),
('1d21993b-3612-2485-1035-60b3ebf808a9', 'TS855', 'Điện thoại-849', '4e272fc4-7875-78d6-7d32-6a1673ffca7c', '6b47b37f-3123-3ce7-14cf-9712082ff6cb', '2022-08-14 18:35:12', 970000000.0000, 39, 0.6, 21, 2022, 'Nguyễn Ngọc Diễm', '2022-07-03 20:29:12', 'Nguyễn Diễm Thuận', '2022-06-03 10:04:20', '2022-02-23 14:44:25', 1),
('1dc115ba-6479-33a7-44c2-579daad24557', 'TS596', 'Ô tô mercedes-147', '469b3ece-744a-45d5-957d-e8c757976496', '6b47b37f-3123-3ce7-14cf-9712082ff6cb', '2022-08-14 18:35:12', 660000000.0000, 52, 0.6, 46, 2022, 'Nông Minh Linh', '2022-03-21 08:16:42', 'Nguyễn Thị Anh', '2022-02-19 21:40:39', '2022-01-01 00:13:13', 1),
('1e0613d9-772c-28c1-9541-c1ec321fe728', 'TS539', 'Điện thoại-004', '17120d02-6ab5-3e43-18cb-66948daf6128', '354f1b13-17bf-1b52-87d5-ba100c6f7bce', '2022-08-14 18:35:12', 990000000.0000, 32, 0.5, 236, 2022, 'Nguyễn Thị Hoàng', '2022-03-01 19:58:15', 'Võ Mai Loan', '2022-06-22 05:37:41', '2022-05-30 16:35:12', 1),
('1e5ce342-2eec-79a4-5380-7ed9d1ea06ea', 'TS081', 'Máy tính Xách tay-301', '4e272fc4-7875-78d6-7d32-6a1673ffca7c', '15cb3909-1246-2add-33de-23e177779933', '2022-08-14 18:35:12', 890000000.0000, 81, 0.9, 727, 2022, 'Nguyễn Văn Giang', '2022-05-12 10:46:24', 'Nguyễn Minh Thanh', '2022-07-08 18:04:20', '2022-07-06 20:40:18', 1),
('1e5e96fa-5d7a-599d-27c2-579daad24557', 'TS618', 'Ô tô mercedes-659', '17120d02-6ab5-3e43-18cb-66948daf6128', '777df041-51a7-37b6-7509-bf1378b8dc91', '2022-08-14 18:35:12', 550000000.0000, 2, 0.7, 39, 2022, 'Nguyễn Thị Hương', '2022-01-01 00:08:53', 'Hoàng Ngọc Giang', '2022-07-17 21:46:20', '2022-06-15 10:04:30', 1),
('1f85f165-3ed3-370a-b7d2-89b22d10517e', 'TS525', 'Máy tính Xách tay-456', '142cb08f-7c31-21fa-8e90-67245e8b283e', '57a3f48f-1c1d-1f04-9e20-39c2f00615e8', '2022-08-14 18:35:12', 160000000.0000, 15, 0.3, 0, 2022, 'Nguyễn Việt Mạnh', '2022-01-01 00:00:04', 'Nông Ngọc Linh', '2022-01-01 00:00:02', '2022-03-17 12:33:59', 1),
('1f88699a-3e19-718a-d81d-086412a8ea97', 'TS858', 'Ô tô mercedes-361', '142cb08f-7c31-21fa-8e90-67245e8b283e', '1f94a596-32c4-2a29-8ad5-ba100c6f7bce', '2022-08-14 18:35:12', 970000000.0000, 12, 0.1, 54236, 2022, 'Lê Thị Ly', '2022-04-21 22:38:32', 'Mai Ngọc Anh', '2022-01-04 22:04:26', '2022-01-01 00:10:03', 1),
('1fbf8e6f-17d3-6a04-2180-de64d090a2c2', 'TS816', 'Máy tính Xách tay-352', '17120d02-6ab5-3e43-18cb-66948daf6128', '57a3f48f-1c1d-1f04-9e20-39c2f00615e8', '2022-08-14 18:35:12', 530000000.0000, 18, 0.7, 6449, 2022, 'Nguyễn Thị Mạnh', '2022-01-01 00:00:05', 'Mai Tuấn Hoàng', '2022-01-01 01:41:18', '2022-07-15 23:44:59', 1),
('1fecd07f-2488-638c-8141-c1ec321fe728', 'TS314', 'Ô tô mercedes-805', '142cb08f-7c31-21fa-8e90-67245e8b283e', '37dd9bb0-4c53-4134-31de-23e177779933', '2022-08-14 18:35:12', 310000000.0000, 89, 0.7, 283, 2022, 'Nguyễn Thị Trường', '2022-06-09 13:11:05', 'Nguyễn Thái Bằng', '2022-01-11 00:56:35', '2022-01-01 00:59:28', 1),
('201b9639-5997-303c-5880-7ed9d1ea06ea', 'TS459', 'Điện thoại-705', '142cb08f-7c31-21fa-8e90-67245e8b283e', '25c6c36e-1668-7d10-6e09-bf1378b8dc91', '2022-08-14 18:35:12', 830000000.0000, 81, 0.8, 54, 2022, 'Nguyễn Văn Lệ', '2022-07-03 02:45:36', NULL, '2022-03-21 19:21:29', '2022-06-11 12:30:23', 1),
('2107e2a5-49f8-237b-5780-7ed9d1ea06ea', 'TS110', 'Máy tính Xách tay-126', '142cb08f-7c31-21fa-8e90-67245e8b283e', '765a8849-65a2-2ad9-a220-39c2f00615e8', '2022-08-14 18:35:12', 300000000.0000, 15, 0.8, 5777, 2022, 'Nguyễn Ngọc Hân', '2022-01-01 00:00:39', 'Nguyễn Ngọc Ngọc', '2022-04-25 21:25:41', '2022-05-22 04:55:03', 1),
('2111e63d-50f8-6b2b-6980-7ed9d1ea06ea', 'TS160', 'Điện thoại-668', '469b3ece-744a-45d5-957d-e8c757976496', '36104b10-705b-57a8-83c0-08fd2f807219', '2022-08-14 18:35:12', 660000000.0000, 87, 0.3, 471, 2022, 'Nguyễn Thị Trường', '2022-06-24 21:08:42', 'Nguyễn Tuấn Ngọc', NULL, '2022-05-30 23:41:49', 1),
('212a5f62-4eb8-203c-4035-0028ed526dd0', 'TS661', 'Ô tô mercedes-603', '142cb08f-7c31-21fa-8e90-67245e8b283e', '234d2569-6b1c-720c-9f20-39c2f00615e8', '2022-08-14 18:35:12', 270000000.0000, 52, 0, 781, 2022, 'Nguyễn Thị Linh', '2022-06-14 05:29:00', 'Nguyễn Diễm Trường', '2022-08-10 18:39:02', '2022-07-12 14:38:00', 1),
('214977d8-66ff-5762-1335-60b3ebf808a9', 'TS719', 'Điện thoại-311', '17120d02-6ab5-3e43-18cb-66948daf6128', '62a849b4-1145-4227-7009-bf1378b8dc91', '2022-08-14 18:35:12', 660000000.0000, 34, 0.9, 2, 2022, 'Nguyễn Ngọc Mạnh', '2022-03-18 10:24:23', 'Võ Văn Anh', '2022-02-13 11:58:50', '2022-01-01 00:00:07', 1),
('21ae5078-5e68-3790-6af6-423b4e874d0f', 'TS057', 'Máy tính Xách tay-123', '4e272fc4-7875-78d6-7d32-6a1673ffca7c', '20bbbd0b-3c4a-7d94-6f09-bf1378b8dc91', '2022-08-14 18:35:12', 720000000.0000, 28, 0.4, 538, 2022, 'Nguyễn Thị Mai', '2022-05-21 13:53:30', 'Nguyễn Việt Cường', '2022-04-23 22:10:45', '2022-01-22 18:52:38', 1),
('22732821-2015-1da3-4335-0028ed526dd0', 'TS205', 'Ô tô mercedes-280', '17120d02-6ab5-3e43-18cb-66948daf6128', '7dbd90f6-6015-12c6-4b29-a2925c0f334d', '2022-08-14 18:35:12', 720000000.0000, 27, 0.8, 1, 2022, 'Nguyễn Ngọc Lệ', '2022-01-27 09:33:21', NULL, '2022-02-24 17:33:27', '2022-04-15 17:15:18', 1),
('22bba567-6206-6bf1-0c35-60b3ebf808a9', 'TS195', 'Điện thoại-970', '469b3ece-744a-45d5-957d-e8c757976496', '1f94a596-32c4-2a29-8ad5-ba100c6f7bce', '2022-08-14 18:35:12', 590000000.0000, 38, 0.7, 20031, 2022, 'Nguyễn Văn Cường', '2022-01-01 00:00:08', 'Mai Thị Diễm', '2022-04-07 02:56:48', '2022-05-01 02:36:33', 1),
('22cb30ef-3311-51f7-e21d-086412a8ea97', 'TS771', 'Điện thoại-023', '142cb08f-7c31-21fa-8e90-67245e8b283e', '13548f3b-37b7-728f-ff83-196123975cb2', '2022-08-14 18:35:12', 510000000.0000, 26, 0.6, 0, 2022, 'Nguyễn Thị Linh', '2022-03-06 10:03:51', 'Nguyễn Thị Hân', '2022-06-05 11:43:34', '2022-05-03 20:22:17', 1),
('22df58b0-55d2-6108-2480-de64d090a2c2', 'TS021', 'Điện thoại-211', '469b3ece-744a-45d5-957d-e8c757976496', '22f29725-54f0-11f0-9d0b-87ae14180c33', '2022-08-14 18:35:12', NULL, 49, 0.9, 78361, 2022, 'Nông Tuấn Hường', '2022-05-19 07:08:50', 'Hoàng Thị Cường', '2022-03-23 13:14:03', '2022-06-19 01:54:32', 1),
('22f0091b-523a-6c8e-4c35-0028ed526dd0', 'TS881', 'Điện thoại-994', '142cb08f-7c31-21fa-8e90-67245e8b283e', '26de5798-48e1-14d3-9f0b-87ae14180c33', '2022-08-14 18:35:12', 210000000.0000, 25, 0.8, 25018, 2022, 'Nguyễn Minh Ngọc', '2022-02-25 07:19:17', 'Trịnh Thị Hân', NULL, '2022-05-09 04:32:40', 1),
('231ea7f8-1468-6e29-5235-0028ed526dd0', 'TS033', 'Máy tính Xách tay-303', '142cb08f-7c31-21fa-8e90-67245e8b283e', '14ee7bc0-194c-3948-57be-406293204378', '2022-08-14 18:35:12', 330000000.0000, 68, 0.7, 188, 2022, 'Nguyễn Thị Thái', '2022-07-22 20:50:14', 'Trịnh Diễm Anh', '2022-05-16 20:07:00', '2022-01-01 00:01:19', 1),
('233d36ab-4bd0-431e-78f6-423b4e874d0f', 'TS628', 'Ô tô mercedes-729', '142cb08f-7c31-21fa-8e90-67245e8b283e', '25502e11-38ba-4c53-fe83-196123975cb2', '2022-08-14 18:35:12', 210000000.0000, 58, 0.2, 6, 2022, 'Trân Diễm Hiếu', '2022-01-20 18:21:27', 'Nguyễn Minh Thái', '2022-06-13 07:43:10', '2022-04-24 19:38:57', 1),
('234865cb-5d80-7244-70f6-423b4e874d0f', 'TS258', 'Điện thoại-837', '4e272fc4-7875-78d6-7d32-6a1673ffca7c', '26de5798-48e1-14d3-9f0b-87ae14180c33', '2022-08-14 18:35:12', 660000000.0000, 15, 0.9, 19435, 2022, 'Trịnh Ngọc Tuấn', '2022-02-12 17:19:14', 'Nguyễn Mai Minh', '2022-01-01 00:01:37', '2022-03-01 23:33:04', 1),
('2356a2d8-7751-6f97-66f6-423b4e874d0f', 'TS257', 'Điện thoại-563', '4e272fc4-7875-78d6-7d32-6a1673ffca7c', '38fae0a4-2a8d-7751-17cf-9712082ff6cb', '2022-08-14 18:35:12', NULL, 3, 0.5, 55, 2022, 'Nguyễn Mai Lệ', '2022-04-27 00:10:01', 'Nguyễn Văn Thuận', '2022-01-13 06:56:45', '2022-05-24 11:24:15', 1),
('237092c3-5684-7bb6-0a35-60b3ebf808a9', 'TS347', 'Máy tính Xách tay-631', '142cb08f-7c31-21fa-8e90-67245e8b283e', '7dbd90f6-6015-12c6-4b29-a2925c0f334d', '2022-08-14 18:35:12', NULL, 1, 0.3, 93, 2022, 'Nguyễn Việt Hân', '2022-07-31 04:05:41', 'Nông Minh Hoàng', NULL, '2022-01-09 06:03:27', 1),
('244b1b16-56fc-1f92-73f6-423b4e874d0f', 'TS821', 'Ô tô mercedes-575', '17120d02-6ab5-3e43-18cb-66948daf6128', '7dbd90f6-6015-12c6-4b29-a2925c0f334d', '2022-08-14 18:35:12', 960000000.0000, 86, 0.4, 85290, 2022, 'Trịnh Văn Bằng', '2022-01-01 00:00:13', 'Võ Diễm Hân', '2022-01-01 00:01:01', '2022-04-01 20:16:03', 1),
('255b28ba-2177-6baf-0835-60b3ebf808a9', 'TS370', 'Ô tô mercedes-482', '17120d02-6ab5-3e43-18cb-66948daf6128', '15cb3909-1246-2add-33de-23e177779933', '2022-08-14 18:35:12', 970000000.0000, 87, 0.7, 9328, 2022, 'Nguyễn Tuấn Trường', '2022-07-19 18:27:40', 'Nguyễn Thị Thái', '2022-01-09 11:13:14', '2022-01-01 00:00:02', 1),
('256c7bfd-6225-4caa-3077-d9ebc53aac3d', 'TS190', 'Ô tô mercedes-301', '469b3ece-744a-45d5-957d-e8c757976496', '5ee2ba7f-49ee-5b09-5cbe-406293204378', '2022-08-14 18:35:12', NULL, 91, 0.6, 705, 2022, 'Lê Việt Hoàng', '2022-05-28 20:39:46', 'Hoàng Ngọc Hoa', '2022-01-01 01:42:51', '2022-01-27 11:23:59', 1),
('257f267d-1259-4c3b-2e80-de64d090a2c2', 'TS416', 'Điện thoại-906', '469b3ece-744a-45d5-957d-e8c757976496', '7c94355d-4702-3a9b-5abe-406293204378', '2022-08-14 18:35:12', 510000000.0000, 21, 0.8, 94591, 2022, 'Nguyễn Văn Loan', '2022-01-01 00:01:33', 'Nguyễn Thị Hương', '2022-01-01 01:30:57', '2022-01-01 00:00:09', 1),
('26942456-25a8-5ec2-8b41-c1ec321fe728', 'TS078', 'Máy tính Xách tay-995', '469b3ece-744a-45d5-957d-e8c757976496', '15cb3909-1246-2add-33de-23e177779933', '2022-08-14 18:35:12', 330000000.0000, 29, 0.2, 8, 2022, 'Nguyễn Thái Giang', '2022-01-01 00:01:31', 'Võ Minh Hường', '2022-02-02 21:30:46', '2022-03-10 14:40:36', 1),
('27318165-703a-31a0-3277-d9ebc53aac3d', 'TS996', 'Điện thoại-126', '142cb08f-7c31-21fa-8e90-67245e8b283e', '6c2d254c-51c8-2ac9-7409-bf1378b8dc91', '2022-08-14 18:35:12', 210000000.0000, 94, 0.5, 6, 2022, 'Nguyễn Tuấn Hân', '2022-05-07 20:21:28', 'Hoàng Việt Mạnh', '2022-02-01 12:48:52', '2022-01-11 18:06:55', 1),
('27e60da2-385e-6804-8441-c1ec321fe728', 'TS247', 'Ô tô mercedes-046', '142cb08f-7c31-21fa-8e90-67245e8b283e', '5c9f5f1a-6f5c-49cc-59be-406293204378', '2022-08-14 18:35:12', 600000000.0000, 62, 0.6, 0, 2022, 'Nguyễn Thị Diễm', '2022-08-02 23:01:58', 'Nguyễn Thị Loan', '2022-01-24 15:44:08', '2022-04-09 05:30:08', 1),
('281af570-5697-2b8d-6b80-7ed9d1ea06ea', 'TS193', 'Điện thoại-986', '17120d02-6ab5-3e43-18cb-66948daf6128', '15cb3909-1246-2add-33de-23e177779933', '2022-08-14 18:35:12', 580000000.0000, 58, 0.6, 12860, 2022, 'Nông Văn Diễm', '2022-04-15 23:38:11', 'Trịnh Ngọc Giang', '2022-01-01 00:01:22', '2022-03-28 00:50:35', 1),
('285d6b44-3b0c-4697-e01d-086412a8ea97', 'TS959', 'Điện thoại-695', '469b3ece-744a-45d5-957d-e8c757976496', '12437806-26ac-3517-9c0b-87ae14180c33', '2022-08-14 18:35:12', 400000000.0000, 3, 0.1, 972, 2022, 'Nguyễn Ngọc Hiếu', '2022-01-01 00:01:20', 'Nguyễn Thị Hoa', '2022-05-30 15:13:33', '2022-01-01 00:00:09', 1),
('28692b18-2ec1-574b-6780-7ed9d1ea06ea', 'TS623', 'Ô tô mercedes-358', '469b3ece-744a-45d5-957d-e8c757976496', '37dd9bb0-4c53-4134-31de-23e177779933', '2022-08-14 18:35:12', 540000000.0000, 83, 0.2, 10, 2022, 'Trân Thị Bằng', '2022-07-31 02:53:47', NULL, '2022-06-01 02:15:38', '2022-07-04 16:57:40', 1),
('2872c174-68d3-29c1-4935-0028ed526dd0', 'TS213', 'Ô tô mercedes-411', '142cb08f-7c31-21fa-8e90-67245e8b283e', '41c2dce0-2c38-3bc6-16cf-9712082ff6cb', '2022-08-14 18:35:12', 420000000.0000, 61, 0.2, 89, 2022, 'Nguyễn Thị Mạnh', '2022-01-03 14:16:14', 'Hoàng Thị Thành', '2022-05-31 19:04:44', '2022-02-22 04:52:39', 1),
('28a16581-1fd1-546b-1677-d9ebc53aac3d', 'TS944', 'Ô tô mercedes-481', '17120d02-6ab5-3e43-18cb-66948daf6128', '12437806-26ac-3517-9c0b-87ae14180c33', '2022-08-14 18:35:12', 730000000.0000, 62, 0.8, 82, 2022, 'Nguyễn Thái Hương', '2022-05-31 23:16:30', 'Trân Thị Loan', '2022-07-20 17:48:27', '2022-01-01 00:02:24', 1),
('28cd1599-63bf-785f-4f80-7ed9d1ea06ea', 'TS724', 'Ô tô mercedes-734', '4e272fc4-7875-78d6-7d32-6a1673ffca7c', '74de5ccc-59ee-1411-a00b-87ae14180c33', '2022-08-14 18:35:12', 720000000.0000, 61, 0.7, 76, 2022, 'Nguyễn Ngọc Ly', '2022-04-21 18:55:21', 'Hoàng Việt Mai', '2022-02-13 18:39:03', '2022-03-24 07:38:22', 1),
('29dcec4b-6bba-5878-1735-60b3ebf808a9', 'TS871', 'Ô tô mercedes-125', '4e272fc4-7875-78d6-7d32-6a1673ffca7c', '26de5798-48e1-14d3-9f0b-87ae14180c33', '2022-08-14 18:35:12', NULL, 28, 0, 4, 2022, 'Nguyễn Văn Diễm', '2022-06-14 04:07:19', 'Nguyễn Minh Hương', '2022-05-01 22:54:01', '2022-03-07 01:37:18', 1),
('2afb2146-430d-394b-3d35-0028ed526dd0', 'TS569', 'Ô tô mercedes-241', '4e272fc4-7875-78d6-7d32-6a1673ffca7c', '1f94a596-32c4-2a29-8ad5-ba100c6f7bce', '2022-08-14 18:35:12', 290000000.0000, 46, 0, 45, 2022, 'Nguyễn Minh Hoàng', '2022-01-01 00:00:44', 'Nông Văn Thái', '2022-07-17 13:03:18', '2022-01-01 00:00:07', 1),
('2bd27090-2727-2b8e-2f80-de64d090a2c2', 'TS988', 'Điện thoại-455', '142cb08f-7c31-21fa-8e90-67245e8b283e', '7dbd90f6-6015-12c6-4b29-a2925c0f334d', '2022-08-14 18:35:12', 780000000.0000, 7, 0.1, 4, 2022, 'Bùi Minh Anh', '2022-01-01 02:02:20', 'Nguyễn Thái Diễm', '2022-01-25 07:36:19', '2022-04-10 03:25:22', 1),
('2bd927cf-7faf-452e-4535-0028ed526dd0', 'TS473', 'Máy tính Xách tay-880', '17120d02-6ab5-3e43-18cb-66948daf6128', '234d2569-6b1c-720c-9f20-39c2f00615e8', '2022-08-14 18:35:12', 670000000.0000, 98, 0.2, 2, 2022, 'Hoàng Tuấn Diễm', '2022-08-11 09:36:01', 'Võ Minh Thuận', '2022-01-01 00:00:39', '2022-01-01 00:00:06', 1),
('2c06d3cb-7ef7-4462-5e80-7ed9d1ea06ea', 'TS095', 'Máy tính Xách tay-048', '17120d02-6ab5-3e43-18cb-66948daf6128', '6e98d16d-1cee-3d90-4d29-a2925c0f334d', '2022-08-14 18:35:12', 440000000.0000, 5, 0.7, 44289, 2022, 'Mai Văn Hường', '2022-01-12 01:56:54', 'Nguyễn Thị Hường', NULL, '2022-01-14 05:28:30', 1),
('2c14d4bf-4fdf-22d0-cbd2-89b22d10517e', 'TS034', 'Điện thoại-744', '142cb08f-7c31-21fa-8e90-67245e8b283e', '4fbf7ac2-4f95-259e-fd83-196123975cb2', '2022-08-14 18:35:12', 660000000.0000, 21, 0.4, 98, 2022, 'Nguyễn Ngọc Diễm', '2022-04-09 04:03:57', 'Nguyễn Mai Tuấn', '2022-01-08 02:05:35', '2022-01-01 00:16:30', 1),
('2c380a42-1611-28c2-3ac2-579daad24557', 'TS500', 'Máy tính Xách tay-951', '469b3ece-744a-45d5-957d-e8c757976496', '6b47b37f-3123-3ce7-14cf-9712082ff6cb', '2022-08-14 18:35:12', 990000000.0000, 84, 0.6, 25863, 2022, 'Trân Thị Tuấn', '2022-02-20 00:10:36', 'Võ Thị Minh', '2022-03-14 14:02:36', '2022-03-11 04:10:42', 1),
('2d3ae261-2b44-7713-41c2-579daad24557', 'TS483', 'Ô tô mercedes-054', '17120d02-6ab5-3e43-18cb-66948daf6128', '14ee7bc0-194c-3948-57be-406293204378', '2022-08-14 18:35:12', 410000000.0000, 74, 0.7, 76684, 2022, 'Nguyễn Việt Mạnh', '2022-02-09 16:17:21', 'Nguyễn Thái Ly', '2022-06-23 14:25:40', '2022-04-06 04:18:24', 1),
('2dd6b3a0-2350-1230-1835-60b3ebf808a9', 'TS841', 'Ô tô mercedes-547', '17120d02-6ab5-3e43-18cb-66948daf6128', '4a4a8c90-2e57-215e-58be-406293204378', '2022-08-14 18:35:12', 490000000.0000, 62, 0.8, 0, 2022, 'Bùi Diễm Bằng', '2022-03-20 11:03:18', NULL, '2022-02-12 09:45:50', '2022-01-01 00:15:05', 1),
('2ee950fb-4256-49aa-e41d-086412a8ea97', 'TS594', 'Ô tô mercedes-221', '17120d02-6ab5-3e43-18cb-66948daf6128', '765a8849-65a2-2ad9-a220-39c2f00615e8', '2022-08-14 18:35:12', NULL, 49, 0.3, 7, 2022, 'Nguyễn Minh Giang', '2022-07-18 02:54:11', 'Bùi Thị Mai', NULL, '2022-04-05 21:00:24', 1),
('2efc0ff3-37c0-286f-bbd2-89b22d10517e', 'TS204', 'Máy tính Xách tay-264', '4e272fc4-7875-78d6-7d32-6a1673ffca7c', '3bad7541-7915-6d1b-34de-23e177779933', '2022-08-14 18:35:12', 310000000.0000, 3, 0.3, 45384, 2022, 'Nguyễn Ngọc Diễm', '2022-06-22 15:32:52', 'Nguyễn Việt Thanh', '2022-01-17 19:59:15', '2022-03-14 23:22:00', 1),
('2f25e35e-15fb-71e4-4e35-0028ed526dd0', 'TS174', 'Điện thoại-725', '469b3ece-744a-45d5-957d-e8c757976496', '74de5ccc-59ee-1411-a00b-87ae14180c33', '2022-08-14 18:35:12', 700000000.0000, 28, 0.5, 863, 2022, 'Trân Ngọc Lệ', '2022-04-14 07:30:39', 'Nguyễn Diễm Hân', '2022-07-20 15:42:10', '2022-03-21 06:59:45', 1),
('2f43fc9d-1f7a-25fc-5280-7ed9d1ea06ea', 'TS838', 'Máy tính Xách tay-644', '142cb08f-7c31-21fa-8e90-67245e8b283e', '28018b36-16ff-393b-a020-39c2f00615e8', '2022-08-14 18:35:12', 400000000.0000, 5, 0.2, 41, 2022, 'Mai Minh Giang', '2022-03-28 17:39:42', 'Nguyễn Thị Anh', '2022-06-11 12:42:21', '2022-01-31 23:10:24', 1),
('2f4cc91d-6f13-4b4c-1c80-de64d090a2c2', 'TS404', 'Điện thoại-042', '4e272fc4-7875-78d6-7d32-6a1673ffca7c', '13548f3b-37b7-728f-ff83-196123975cb2', '2022-08-14 18:35:12', 720000000.0000, 89, 0.8, 59, 2022, 'Nông Văn Linh', '2022-06-30 05:30:28', 'Nguyễn Thị Diễm', '2022-03-20 22:23:41', '2022-01-01 00:05:18', 1),
('2fde0921-432c-64c5-0935-60b3ebf808a9', 'TS203', 'Máy tính Xách tay-226', '142cb08f-7c31-21fa-8e90-67245e8b283e', '1f94a596-32c4-2a29-8ad5-ba100c6f7bce', '2022-08-14 18:35:12', 960000000.0000, 1, 0, 71339, 2022, 'Bùi Việt Anh', '2022-06-11 16:26:28', 'Nông Thị Hoàng', '2022-05-20 06:23:30', '2022-03-01 07:09:40', 1),
('3017e692-73fb-6331-6a80-7ed9d1ea06ea', 'TS242', 'Điện thoại-915', '469b3ece-744a-45d5-957d-e8c757976496', '2cc5723c-56c3-7df9-8bd5-ba100c6f7bce', '2022-08-14 18:35:12', 730000000.0000, 96, 0.9, 9, 2022, 'Nguyễn Thị Bằng', '2022-04-27 05:06:59', 'Nguyễn Thị Tuấn', '2022-01-01 00:00:10', '2022-06-28 02:39:43', 1),
('31629133-61f6-7765-1535-60b3ebf808a9', 'TS745', 'Điện thoại-817', '17120d02-6ab5-3e43-18cb-66948daf6128', '2ea8deee-1b95-2a51-88d5-ba100c6f7bce', '2022-08-14 18:35:12', 680000000.0000, 39, 0.9, 5, 2022, 'Trịnh Thị Anh', '2022-02-19 07:33:32', 'Nguyễn Thị Ly', NULL, '2022-04-12 22:57:34', 1),
('31ae1818-7baf-1872-1e77-d9ebc53aac3d', 'TS200', 'Ô tô mercedes-036', '142cb08f-7c31-21fa-8e90-67245e8b283e', '62a849b4-1145-4227-7009-bf1378b8dc91', '2022-08-14 18:35:12', 180000000.0000, 16, 0.4, 918, 2022, 'Nguyễn Ngọc Hân', '2022-07-11 05:13:06', 'Nguyễn Thị Lệ', '2022-01-01 00:00:50', '2022-01-01 00:01:00', 1),
('322105dd-142f-392d-2fc2-579daad24557', 'TS300', 'Điện thoại-009', '4e272fc4-7875-78d6-7d32-6a1673ffca7c', '4d759fc8-400f-6e8f-5bbe-406293204378', '2022-08-14 18:35:12', 190000000.0000, 56, 0, 3, 2022, 'Lê Việt Cường', '2022-03-26 19:22:33', 'Nguyễn Văn Hương', '2022-01-01 00:00:01', '2022-01-31 17:21:55', 1),
('324ac33a-77c5-13a5-0535-60b3ebf808a9', 'TS446', 'Máy tính Xách tay-034', '4e272fc4-7875-78d6-7d32-6a1673ffca7c', '1b691e79-236d-5b5a-9d20-39c2f00615e8', '2022-08-14 18:35:12', 560000000.0000, 95, 0.4, 9, 2022, 'Nguyễn Mai Thanh', '2022-01-01 00:00:51', 'Trân Việt Hoàng', '2022-01-01 00:06:57', '2022-01-01 00:12:37', 1),
('329b5332-34e3-1ae4-6ef6-423b4e874d0f', 'TS415', 'Máy tính Xách tay-762', '142cb08f-7c31-21fa-8e90-67245e8b283e', '5ee2ba7f-49ee-5b09-5cbe-406293204378', '2022-08-14 18:35:12', 820000000.0000, 54, 0.6, 3, 2022, 'Nguyễn Ngọc Mạnh', '2022-07-15 09:47:25', 'Bùi Thị Cường', '2022-01-01 00:15:28', '2022-06-23 12:34:21', 1),
('32d33559-61a5-4afd-d91d-086412a8ea97', 'TS742', 'Máy tính Xách tay-089', '17120d02-6ab5-3e43-18cb-66948daf6128', '4a4a8c90-2e57-215e-58be-406293204378', '2022-08-14 18:35:12', 360000000.0000, 88, 0.4, 8, 2022, 'Võ Việt Ngọc', '2022-04-03 10:58:25', 'Hoàng Thị Lệ', NULL, '2022-01-01 00:01:23', 1),
('32e3be81-3548-6f8f-6380-7ed9d1ea06ea', 'TS481', 'Máy tính Xách tay-371', '469b3ece-744a-45d5-957d-e8c757976496', '749af78e-699e-5d1e-7109-bf1378b8dc91', '2022-08-14 18:35:12', 500000000.0000, 39, 0.4, 97873, 2022, 'Bùi Mai Ngọc', '2022-01-04 08:19:04', NULL, '2022-01-01 00:00:08', '2022-01-12 19:00:53', 1),
('3304dddb-1b72-607f-25c2-579daad24557', 'TS227', 'Ô tô mercedes-532', '469b3ece-744a-45d5-957d-e8c757976496', '15cb3909-1246-2add-33de-23e177779933', '2022-08-14 18:35:12', 650000000.0000, 71, 0.9, 1, 2022, 'Nguyễn Ngọc Hương', '2022-08-05 11:20:42', 'Lê Thị Thái', '2022-03-06 04:09:03', '2022-01-01 02:13:43', 1),
('33589ecb-33ac-28c7-9241-c1ec321fe728', 'TS537', 'Ô tô mercedes-441', '17120d02-6ab5-3e43-18cb-66948daf6128', '38fae0a4-2a8d-7751-17cf-9712082ff6cb', '2022-08-14 18:35:12', 900000000.0000, 55, 0.8, 586, 2022, 'Mai Thái Minh', '2022-01-01 00:01:25', 'Nguyễn Văn Thành', '2022-01-01 00:00:13', '2022-01-01 00:00:43', 1),
('337faf61-662b-461a-69f6-423b4e874d0f', 'TS067', 'Máy tính Xách tay-330', '4e272fc4-7875-78d6-7d32-6a1673ffca7c', '57a3f48f-1c1d-1f04-9e20-39c2f00615e8', '2022-08-14 18:35:12', 190000000.0000, 74, 0.6, 79212, 2022, 'Mai Minh Hân', '2022-07-15 02:52:03', 'Nguyễn Thị Mạnh', '2022-07-23 15:06:55', '2022-01-25 04:19:25', 1),
('33ec4fea-4c03-3191-3ec2-579daad24557', 'TS074', 'Điện thoại-603', '469b3ece-744a-45d5-957d-e8c757976496', '14ee7bc0-194c-3948-57be-406293204378', '2022-08-14 18:35:12', 690000000.0000, 45, 0.4, 5, 2022, 'Nguyễn Minh Tuấn', '2022-03-24 09:46:27', 'Nguyễn Văn Diễm', '2022-01-18 04:41:29', '2022-01-19 17:41:03', 1),
('34d0e3b5-6d5f-1fd7-0635-60b3ebf808a9', 'TS130', 'Điện thoại-521', '142cb08f-7c31-21fa-8e90-67245e8b283e', '40dcb887-554e-6059-a120-39c2f00615e8', '2022-08-14 18:35:12', 680000000.0000, 78, 0.9, 6, 2022, 'Võ Thị Hương', '2022-03-23 18:27:43', 'Trân Thị Lệ', NULL, '2022-07-07 08:38:23', 1),
('34e55501-2213-19af-6d80-7ed9d1ea06ea', 'TS550', 'Ô tô mercedes-356', '142cb08f-7c31-21fa-8e90-67245e8b283e', '777df041-51a7-37b6-7509-bf1378b8dc91', '2022-08-14 18:35:12', 830000000.0000, 68, 0.6, 932, 2022, 'Nguyễn Minh Bằng', '2022-04-16 10:14:54', 'Hoàng Thị Trường', NULL, '2022-03-10 00:08:13', 1),
('350cf027-3245-532d-bcd2-89b22d10517e', 'TS985', 'Máy tính Xách tay-714', '4e272fc4-7875-78d6-7d32-6a1673ffca7c', '182ac03d-3bc5-1d27-7309-bf1378b8dc91', '2022-08-14 18:35:12', 650000000.0000, 64, 0.4, 67691, 2022, 'Hoàng Thái Ngọc', '2022-07-05 22:10:09', 'Trịnh Mai Hân', '2022-04-01 16:20:17', '2022-01-23 11:36:17', 1),
('3512583a-64ab-33c0-6c80-7ed9d1ea06ea', 'TS508', 'Điện thoại-985', '4e272fc4-7875-78d6-7d32-6a1673ffca7c', '57a3f48f-1c1d-1f04-9e20-39c2f00615e8', '2022-08-14 18:35:12', 650000000.0000, 6, 0.8, 3, 2022, 'Nguyễn Thái Hường', '2022-06-14 17:21:14', 'Nguyễn Thị Hiếu', '2022-07-22 02:56:35', '2022-04-09 01:04:26', 1),
('3582e86f-1b41-6262-7ef6-423b4e874d0f', 'TS216', 'Điện thoại-681', '142cb08f-7c31-21fa-8e90-67245e8b283e', '4fbf7ac2-4f95-259e-fd83-196123975cb2', '2022-08-14 18:35:12', 490000000.0000, 67, 0.9, 6, 2022, 'Lê Thái Loan', '2022-07-15 12:59:49', 'Trân Minh Lệ', '2022-01-12 01:26:15', '2022-01-01 00:22:32', 1),
('35c3a053-254d-33f3-1b80-de64d090a2c2', 'TS360', 'Ô tô mercedes-424', '17120d02-6ab5-3e43-18cb-66948daf6128', '26de5798-48e1-14d3-9f0b-87ae14180c33', '2022-08-14 18:35:12', 900000000.0000, 49, 0.5, 830, 2022, 'Nguyễn Ngọc Tuấn', '2022-01-01 02:37:34', 'Nguyễn Việt Loan', '2022-01-01 00:00:54', '2022-01-01 00:23:34', 1),
('35ec2e7b-17b3-1b63-6080-7ed9d1ea06ea', 'TS660', 'Máy tính Xách tay-197', '469b3ece-744a-45d5-957d-e8c757976496', '3bad7541-7915-6d1b-34de-23e177779933', '2022-08-14 18:35:12', NULL, 30, 0.5, 1, 2022, 'Trịnh Văn Tuấn', '2022-05-08 02:53:02', 'Nguyễn Minh Thanh', '2022-02-04 13:47:38', '2022-01-01 02:18:11', 1),
('360bd1e4-7bbf-3971-d41d-086412a8ea97', 'TS524', 'Điện thoại-925', '4e272fc4-7875-78d6-7d32-6a1673ffca7c', '74de5ccc-59ee-1411-a00b-87ae14180c33', '2022-08-14 18:35:12', 150000000.0000, 84, 0.2, 1041, 2022, 'Nguyễn Thái Hân', '2022-06-03 05:44:01', 'Nguyễn Thị Linh', '2022-01-01 00:09:31', '2022-01-01 00:01:00', 1),
('363b67cb-40ae-552d-2b77-d9ebc53aac3d', 'TS681', 'Máy tính Xách tay-787', '17120d02-6ab5-3e43-18cb-66948daf6128', '1f94a596-32c4-2a29-8ad5-ba100c6f7bce', '2022-08-14 18:35:12', 490000000.0000, 47, 0.5, 5, 2022, 'Nguyễn Việt Thái', '2022-03-30 05:42:10', NULL, '2022-07-25 07:06:22', '2022-02-04 22:45:02', 1),
('36ac2df8-2b1e-368f-cc1d-086412a8ea97', 'TS938', 'Điện thoại-266', '17120d02-6ab5-3e43-18cb-66948daf6128', '2520d168-1494-4217-89d5-ba100c6f7bce', '2022-08-14 18:35:12', 260000000.0000, 21, 0.3, 1, 2022, 'Nguyễn Mai Hương', '2022-01-01 00:04:54', 'Nguyễn Tuấn Giang', '2022-08-10 02:26:37', '2022-05-08 21:48:10', 1),
('3738ce93-1661-5628-2cc2-579daad24557', 'TS902', 'Máy tính Xách tay-708', '17120d02-6ab5-3e43-18cb-66948daf6128', '354f1b13-17bf-1b52-87d5-ba100c6f7bce', '2022-08-14 18:35:12', 150000000.0000, 34, 0.3, 5, 2022, 'Trịnh Thái Hiếu', '2022-07-24 08:56:28', 'Nguyễn Diễm Thuận', '2022-01-01 00:05:05', '2022-01-12 07:25:37', 1),
('373aae71-7e6b-6eff-c6d2-89b22d10517e', 'TS767', 'Ô tô mercedes-708', '17120d02-6ab5-3e43-18cb-66948daf6128', '357d7c4e-4b7f-11c2-84c0-08fd2f807219', '2022-08-14 18:35:12', 790000000.0000, 51, 0, 8, 2022, 'Nguyễn Văn Cường', '2022-06-21 09:07:59', 'Nguyễn Thị Mạnh', NULL, '2022-04-23 02:42:15', 1),
('38085202-6473-26a9-7bf6-423b4e874d0f', 'TS584', 'Ô tô mercedes-399', '142cb08f-7c31-21fa-8e90-67245e8b283e', '1b691e79-236d-5b5a-9d20-39c2f00615e8', '2022-08-14 18:35:12', 290000000.0000, 40, 0.1, 12, 2022, 'Nguyễn Minh Cường', '2022-01-01 00:30:20', 'Nguyễn Thị Anh', '2022-02-26 11:53:51', '2022-05-18 18:38:06', 1),
('383760d5-6851-218b-4835-0028ed526dd0', 'TS212', 'Máy tính Xách tay-412', '142cb08f-7c31-21fa-8e90-67245e8b283e', '765a8849-65a2-2ad9-a220-39c2f00615e8', '2022-08-14 18:35:12', 730000000.0000, 54, 0.9, 4, 2022, 'Nguyễn Thị Hiếu', '2022-07-05 11:39:18', 'Lê Minh Hoàng', '2022-01-01 00:00:14', '2022-01-01 00:00:10', 1),
('38dc720e-654a-29d5-34c2-579daad24557', 'TS336', 'Ô tô mercedes-166', '17120d02-6ab5-3e43-18cb-66948daf6128', '5c9f5f1a-6f5c-49cc-59be-406293204378', '2022-08-14 18:35:12', 280000000.0000, 17, 0, 2, 2022, 'Nguyễn Tuấn Trường', '2022-01-01 00:00:03', 'Mai Minh Mai', '2022-06-03 00:29:43', '2022-01-01 00:01:09', 1),
('395826c8-15a0-31f9-5980-7ed9d1ea06ea', 'TS037', 'Ô tô mercedes-899', '469b3ece-744a-45d5-957d-e8c757976496', '22f29725-54f0-11f0-9d0b-87ae14180c33', '2022-08-14 18:35:12', 230000000.0000, 66, 0.2, 11013, 2022, 'Nguyễn Thị Tuấn', '2022-04-10 16:31:45', 'Nguyễn Minh Tuấn', '2022-01-01 00:00:05', '2022-05-27 21:32:15', 1),
('395fb299-3c5f-46fe-8841-c1ec321fe728', 'TS253', 'Ô tô mercedes-620', '142cb08f-7c31-21fa-8e90-67245e8b283e', '28018b36-16ff-393b-a020-39c2f00615e8', '2022-08-14 18:35:12', 520000000.0000, 61, 0.5, 44, 2022, 'Nông Minh Thành', '2022-01-01 00:08:22', 'Mai Thị Hân', '2022-01-01 00:00:01', '2022-04-27 02:30:17', 1),
('39f3c493-4680-145e-42c2-579daad24557', 'TS645', 'Máy tính Xách tay-844', '142cb08f-7c31-21fa-8e90-67245e8b283e', '57a3f48f-1c1d-1f04-9e20-39c2f00615e8', '2022-08-14 18:35:12', 980000000.0000, 97, 0.6, 1, 2022, 'Hoàng Thị Diễm', '2022-01-01 00:00:09', 'Bùi Tuấn Bằng', '2022-07-22 20:23:13', '2022-07-31 07:31:15', 1),
('3a425a4d-6066-116b-6bf6-423b4e874d0f', 'TS412', 'Điện thoại-857', '4e272fc4-7875-78d6-7d32-6a1673ffca7c', '5ca4f407-2d2d-24db-18cf-9712082ff6cb', '2022-08-14 18:35:12', 830000000.0000, 90, 0.3, 3308, 2022, 'Nguyễn Tuấn Mạnh', '2022-01-01 00:01:09', 'Nguyễn Ngọc Tuấn', '2022-03-05 18:56:16', '2022-01-01 00:00:04', 1),
('3abffc51-2a43-18c6-6cf6-423b4e874d0f', 'TS842', 'Máy tính Xách tay-681', '469b3ece-744a-45d5-957d-e8c757976496', '22f29725-54f0-11f0-9d0b-87ae14180c33', '2022-08-14 18:35:12', 540000000.0000, 96, 0.9, 92144, 2022, 'Nguyễn Minh Thanh', '2022-02-09 18:31:51', 'Nguyễn Việt Linh', '2022-02-01 16:54:38', '2022-02-03 06:30:22', 1),
('3ac85d96-49eb-7b1d-1135-60b3ebf808a9', 'TS802', 'Máy tính Xách tay-815', '17120d02-6ab5-3e43-18cb-66948daf6128', '5ee2ba7f-49ee-5b09-5cbe-406293204378', '2022-08-14 18:35:12', 570000000.0000, 36, 0.8, 927, 2022, 'Bùi Việt Loan', '2022-02-06 23:01:42', NULL, '2022-08-08 05:32:56', '2022-01-11 22:56:46', 1),
('3b668e3c-742f-4876-8e41-c1ec321fe728', 'TS726', 'Điện thoại-000', '17120d02-6ab5-3e43-18cb-66948daf6128', '749af78e-699e-5d1e-7109-bf1378b8dc91', '2022-08-14 18:35:12', 850000000.0000, 78, 0, 257, 2022, 'Nguyễn Văn Hoa', '2022-08-10 08:03:05', 'Nguyễn Văn Anh', '2022-06-05 01:53:47', '2022-04-14 13:33:55', 1),
('3b9be541-2ef2-4000-4bc2-579daad24557', 'TS211', 'Ô tô mercedes-495', '4e272fc4-7875-78d6-7d32-6a1673ffca7c', '7c94355d-4702-3a9b-5abe-406293204378', '2022-08-14 18:35:12', 470000000.0000, 45, 0.4, 66648, 2022, 'Nguyễn Tuấn Mạnh', '2022-04-21 19:01:07', 'Hoàng Văn Hân', NULL, '2022-06-24 23:24:30', 1),
('3b9ddf67-2552-6683-5a80-7ed9d1ea06ea', 'TS496', 'Ô tô mercedes-657', '142cb08f-7c31-21fa-8e90-67245e8b283e', '749af78e-699e-5d1e-7109-bf1378b8dc91', '2022-08-14 18:35:12', 720000000.0000, 47, 0.4, 981, 2022, 'Võ Minh Thái', '2022-02-17 23:54:49', 'Nguyễn Thị Hoàng', '2022-01-24 01:36:20', '2022-01-01 00:01:06', 1),
('3cb58bb5-2fd7-6c15-8741-c1ec321fe728', 'TS882', 'Máy tính Xách tay-274', '17120d02-6ab5-3e43-18cb-66948daf6128', '20bbbd0b-3c4a-7d94-6f09-bf1378b8dc91', '2022-08-14 18:35:12', 230000000.0000, 93, 0, 89351, 2022, 'Nguyễn Việt Hân', '2022-08-09 12:36:04', 'Nguyễn Ngọc Ngọc', '2022-01-01 00:01:23', '2022-01-01 00:10:38', 1),
('3cc7be2d-6406-4b95-3cc2-579daad24557', 'TS980', 'Ô tô mercedes-944', '142cb08f-7c31-21fa-8e90-67245e8b283e', '75541709-3f4a-4f20-87c0-08fd2f807219', '2022-08-14 18:35:12', 610000000.0000, 61, 0, 61473, 2022, 'Nguyễn Thị Tuấn', '2022-06-25 17:36:20', 'Nguyễn Mai Thái', '2022-01-11 04:07:23', '2022-01-01 00:00:06', 1),
('3d1266d8-49d7-3605-2477-d9ebc53aac3d', 'TS542', 'Máy tính Xách tay-932', '469b3ece-744a-45d5-957d-e8c757976496', '41c2dce0-2c38-3bc6-16cf-9712082ff6cb', '2022-08-14 18:35:12', 650000000.0000, 74, 0.3, 541, 2022, 'Hoàng Mai Trường', '2022-03-12 03:35:29', 'Lê Thị Tuấn', '2022-08-09 20:00:10', '2022-07-28 11:23:07', 1),
('3d18d4c2-2f39-3dce-d61d-086412a8ea97', 'TS196', 'Máy tính Xách tay-635', '142cb08f-7c31-21fa-8e90-67245e8b283e', '749f165c-16de-4b32-86c0-08fd2f807219', '2022-08-14 18:35:12', NULL, 48, 0.7, 50, 2022, 'Trịnh Ngọc Trường', '2022-02-02 17:09:26', 'Nguyễn Minh Cường', '2022-01-01 00:16:29', '2022-05-24 16:58:55', 1),
('3d9b23c7-7369-2872-5635-0028ed526dd0', 'TS572', 'Máy tính Xách tay-424', '142cb08f-7c31-21fa-8e90-67245e8b283e', '1791bb94-7da7-2a8b-8dd5-ba100c6f7bce', '2022-08-14 18:35:12', 760000000.0000, 98, 0.8, 85390, 2022, 'Võ Thị Loan', '2022-06-09 23:32:59', NULL, '2022-01-28 20:17:23', '2022-07-12 15:20:52', 1),
('3e2b2e81-5437-1a99-9441-c1ec321fe728', 'TS135', 'Ô tô mercedes-142', '4e272fc4-7875-78d6-7d32-6a1673ffca7c', '765a8849-65a2-2ad9-a220-39c2f00615e8', '2022-08-14 18:35:12', 360000000.0000, 33, 0.8, 93855, 2022, 'Nguyễn Minh Thái', '2022-02-19 16:49:16', 'Nguyễn Minh Hương', '2022-02-11 03:54:55', '2022-04-09 10:16:43', 1),
('3e51a46c-4153-229c-7f41-c1ec321fe728', 'TS922', 'Máy tính Xách tay-021', '142cb08f-7c31-21fa-8e90-67245e8b283e', '38fae0a4-2a8d-7751-17cf-9712082ff6cb', '2022-08-14 18:35:12', 880000000.0000, 41, 0.9, 988, 2022, 'Nguyễn Việt Lệ', '2022-01-01 00:09:09', NULL, '2022-01-01 00:08:45', '2022-01-01 00:02:56', 1),
('3e7dd0ec-7ee5-392a-1277-d9ebc53aac3d', 'TS357', 'Ô tô mercedes-815', '469b3ece-744a-45d5-957d-e8c757976496', '357d7c4e-4b7f-11c2-84c0-08fd2f807219', '2022-08-14 18:35:12', 210000000.0000, 11, 0.6, 9, 2022, 'Trịnh Mai Lệ', '2022-01-01 02:04:26', 'Bùi Ngọc Ngọc', '2022-01-01 00:01:38', '2022-03-30 10:07:53', 1),
('3f7028bf-3771-75c5-2380-de64d090a2c2', 'TS711', 'Ô tô mercedes-131', '4e272fc4-7875-78d6-7d32-6a1673ffca7c', '57a3f48f-1c1d-1f04-9e20-39c2f00615e8', '2022-08-14 18:35:12', 350000000.0000, 42, 0.8, 1, 2022, 'Nguyễn Thị Trường', '2022-01-01 00:00:07', 'Lê Minh Ngọc', '2022-01-01 00:01:19', '2022-01-28 15:00:02', 1),
('3fa724dd-431f-5032-2a80-de64d090a2c2', 'TS780', 'Điện thoại-911', '142cb08f-7c31-21fa-8e90-67245e8b283e', '36104b10-705b-57a8-83c0-08fd2f807219', '2022-08-14 18:35:12', 810000000.0000, 74, 0.1, 5595, 2022, 'Nguyễn Thị Bằng', '2022-01-01 00:16:30', 'Hoàng Thị Hân', '2022-07-26 17:47:20', '2022-02-23 10:54:20', 1),
('3fa85f64-5717-4562-b3fc-2c963f66afa6', 'TS997', 'Xe Honda AB', '17120d02-6ab5-3e43-18cb-66948daf6128', '57a3f48f-1c1d-1f04-9e20-39c2f00615e8', '2022-08-15 10:18:23', 20000000.0000, 0, 0, 0, 0, '', '2022-08-15 10:18:23', '', '2022-08-15 10:18:23', '2022-08-15 10:18:23', 1000),
('3fc4ed08-1219-1c6d-5480-7ed9d1ea06ea', 'TS969', 'Máy tính Xách tay-886', '142cb08f-7c31-21fa-8e90-67245e8b283e', '38528581-656f-2902-32de-23e177779933', '2022-08-14 18:35:12', 560000000.0000, 17, 0.8, 17, 2022, 'Nguyễn Tuấn Hân', '2022-06-14 14:58:48', 'Nguyễn Thị Linh', '2022-01-01 00:20:07', '2022-08-01 18:26:23', 1),
('3fed64ec-2f94-798f-0335-60b3ebf808a9', 'TS937', 'Điện thoại-962', '469b3ece-744a-45d5-957d-e8c757976496', '749af78e-699e-5d1e-7109-bf1378b8dc91', '2022-08-14 18:35:12', 300000000.0000, 21, 0.3, 86456, 2022, 'Trân Thái Hoa', '2022-01-05 15:11:13', 'Trân Minh Loan', '2022-01-27 20:55:21', '2022-01-01 00:00:08', 1),
('40160288-72cf-185c-c8d2-89b22d10517e', 'TS331', 'Máy tính Xách tay-461', '4e272fc4-7875-78d6-7d32-6a1673ffca7c', '14ee7bc0-194c-3948-57be-406293204378', '2022-08-14 18:35:12', 330000000.0000, 20, 0, 8, 2022, 'Nguyễn Văn Linh', '2022-01-01 02:33:48', 'Nguyễn Ngọc Trường', '2022-01-01 00:01:06', '2022-01-01 00:00:01', 1),
('401e72cc-49b0-5b4a-5335-0028ed526dd0', 'TS271', 'Điện thoại-651', '4e272fc4-7875-78d6-7d32-6a1673ffca7c', '2cc5723c-56c3-7df9-8bd5-ba100c6f7bce', '2022-08-14 18:35:12', 460000000.0000, 73, 0.5, 5999, 2022, 'Nguyễn Thái Ly', '2022-05-31 10:19:20', 'Nguyễn Văn Thuận', '2022-03-01 22:44:58', '2022-01-01 00:00:29', 1),
('4029deb6-568c-284f-8941-c1ec321fe728', 'TS972', 'Điện thoại-138', '469b3ece-744a-45d5-957d-e8c757976496', '6b47b37f-3123-3ce7-14cf-9712082ff6cb', '2022-08-14 18:35:12', 540000000.0000, 70, 0, 36284, 2022, 'Nguyễn Thị Bằng', '2022-03-20 10:31:52', 'Nguyễn Thị Bằng', '2022-05-16 05:08:48', '2022-02-18 06:56:40', 1),
('405d596c-21be-7e1a-3dc2-579daad24557', 'TS693', 'Máy tính Xách tay-613', '469b3ece-744a-45d5-957d-e8c757976496', '40dcb887-554e-6059-a120-39c2f00615e8', '2022-08-14 18:35:12', 170000000.0000, 90, 0.6, 80, 2022, 'Nông Thị Loan', '2022-05-24 14:09:22', 'Lê Việt Mai', '2022-04-07 00:39:00', '2022-05-12 01:33:02', 1),
('407db4d1-222b-287d-0135-60b3ebf808a9', 'TS840', 'Điện thoại-386', '17120d02-6ab5-3e43-18cb-66948daf6128', '3b86d2ed-446c-5fce-56be-406293204378', '2022-08-14 18:35:12', 660000000.0000, 92, 0.3, 1, 2022, 'Nguyễn Ngọc Lệ', '2022-05-09 22:48:11', 'Nguyễn Minh Mạnh', '2022-01-01 20:07:43', '2022-02-25 08:21:43', 1),
('40904e10-3084-1af7-2a77-d9ebc53aac3d', 'TS007', 'Ô tô mercedes-621', '142cb08f-7c31-21fa-8e90-67245e8b283e', '28018b36-16ff-393b-a020-39c2f00615e8', '2022-08-14 18:35:12', 630000000.0000, 65, 0.1, 225, 2022, 'Hoàng Minh Hường', '2022-01-21 09:26:29', 'Mai Diễm Ngọc', '2022-05-02 17:49:18', '2022-03-10 03:55:02', 1),
('409dcd1a-426a-23f7-3a35-0028ed526dd0', 'TS532', 'Điện thoại-766', '17120d02-6ab5-3e43-18cb-66948daf6128', '15cb3909-1246-2add-33de-23e177779933', '2022-08-14 18:35:12', 910000000.0000, 83, 0.9, 46, 2022, 'Nguyễn Thái Lệ', '2022-04-03 02:17:47', 'Nguyễn Tuấn Giang', '2022-07-10 10:24:51', '2022-06-22 20:33:38', 1),
('40fff47f-4425-60cb-5135-0028ed526dd0', 'TS050', 'Điện thoại-277', '142cb08f-7c31-21fa-8e90-67245e8b283e', '74de5ccc-59ee-1411-a00b-87ae14180c33', '2022-08-14 18:35:12', NULL, 55, 0.3, 403, 2022, 'Võ Minh Linh', '2022-06-25 15:54:27', 'Nguyễn Thị Trường', '2022-06-12 23:52:54', '2022-06-19 05:58:24', 1),
('417f31fa-5c7b-6b08-6280-7ed9d1ea06ea', 'TS151', 'Ô tô mercedes-138', '17120d02-6ab5-3e43-18cb-66948daf6128', '1b691e79-236d-5b5a-9d20-39c2f00615e8', '2022-08-14 18:35:12', 950000000.0000, 31, 0.1, 9, 2022, 'Nguyễn Thái Mạnh', '2022-02-22 23:39:22', 'Nguyễn Mai Bằng', '2022-01-28 09:03:59', '2022-07-17 00:38:27', 1),
('41f1acba-3177-4b1c-c4d2-89b22d10517e', 'TS909', 'Ô tô mercedes-728', '469b3ece-744a-45d5-957d-e8c757976496', '234d2569-6b1c-720c-9f20-39c2f00615e8', '2022-08-14 18:35:12', 780000000.0000, 65, 0.3, 664, 2022, 'Nguyễn Thị Trường', '2022-01-01 00:14:09', 'Trịnh Ngọc Tuấn', '2022-08-07 10:33:29', '2022-02-20 11:18:24', 1),
('42a13e31-2abb-6171-dc1d-086412a8ea97', 'TS843', 'Ô tô mercedes-972', '142cb08f-7c31-21fa-8e90-67245e8b283e', '486f3705-5928-5b0d-15cf-9712082ff6cb', '2022-08-14 18:35:12', 580000000.0000, 80, 0.5, 9, 2022, 'Võ Minh Hân', '2022-01-01 00:00:32', 'Nông Thị Hoa', '2022-01-21 09:21:55', '2022-01-01 02:20:44', 1),
('42b9446a-790b-3892-2ac2-579daad24557', 'TS089', 'Máy tính Xách tay-204', '4e272fc4-7875-78d6-7d32-6a1673ffca7c', '57a3f48f-1c1d-1f04-9e20-39c2f00615e8', '2022-08-14 18:35:12', 880000000.0000, 34, 0.7, 68, 2022, 'Nguyễn Mai Hiếu', '2022-04-02 21:05:05', 'Võ Minh Hiếu', '2022-06-06 13:12:35', '2022-05-29 08:46:22', 1),
('42db9027-5e76-257b-33c2-579daad24557', 'TS144', 'Ô tô mercedes-999', '469b3ece-744a-45d5-957d-e8c757976496', '486f3705-5928-5b0d-15cf-9712082ff6cb', '2022-08-14 18:35:12', 700000000.0000, 17, 0.8, 6474, 2022, 'Trân Văn Diễm', '2022-02-19 20:14:29', 'Hoàng Thị Lệ', '2022-07-05 16:16:50', '2022-01-01 03:05:43', 1),
('434d4eb6-140c-38b4-4cc2-579daad24557', 'TS171', 'Ô tô mercedes-463', '142cb08f-7c31-21fa-8e90-67245e8b283e', '74de5ccc-59ee-1411-a00b-87ae14180c33', '2022-08-14 18:35:12', 550000000.0000, 87, 0.4, 83239, 2022, 'Trân Tuấn Hân', '2022-03-14 22:31:47', 'Nguyễn Mai Hân', NULL, '2022-04-13 15:12:20', 1),
('443674f7-78a9-5ffa-4f35-0028ed526dd0', 'TS856', 'Ô tô mercedes-384', '142cb08f-7c31-21fa-8e90-67245e8b283e', '7dbd90f6-6015-12c6-4b29-a2925c0f334d', '2022-08-14 18:35:12', 890000000.0000, 63, 0, 60227, 2022, 'Nguyễn Minh Tuấn', '2022-01-01 00:01:07', 'Bùi Thị Ngọc', '2022-03-06 22:32:22', '2022-01-13 08:52:33', 1),
('45ae58dc-49a1-14b9-3180-de64d090a2c2', 'TS071', 'Máy tính Xách tay-284', '17120d02-6ab5-3e43-18cb-66948daf6128', '7c94355d-4702-3a9b-5abe-406293204378', '2022-08-14 18:35:12', 610000000.0000, 78, 0.8, 9, 2022, 'Trân Thị Lệ', '2022-02-06 20:41:00', 'Lê Minh Thuận', NULL, '2022-04-21 13:22:27', 1),
('45bd4aa1-3832-3db8-d21d-086412a8ea97', 'TS018', 'Ô tô mercedes-163', '142cb08f-7c31-21fa-8e90-67245e8b283e', '765a8849-65a2-2ad9-a220-39c2f00615e8', '2022-08-14 18:35:12', 790000000.0000, 77, 0.9, 2000, 2022, 'Nguyễn Thị Anh', '2022-07-01 01:29:44', 'Nguyễn Việt Minh', '2022-03-27 00:31:34', '2022-03-31 21:33:15', 1),
('45c09477-664f-1904-0f35-60b3ebf808a9', 'TS615', 'Ô tô mercedes-517', '469b3ece-744a-45d5-957d-e8c757976496', '4a4a8c90-2e57-215e-58be-406293204378', '2022-08-14 18:35:12', 120000000.0000, 16, 0.4, 54361, 2022, 'Mai Tuấn Linh', '2022-01-01 00:14:11', 'Nguyễn Ngọc Bằng', '2022-02-01 01:01:05', '2022-01-01 00:01:20', 1),
('46325c89-599d-77ef-74f6-423b4e874d0f', 'TS325', 'Điện thoại-105', '142cb08f-7c31-21fa-8e90-67245e8b283e', '3700cc49-55b5-69ea-4929-a2925c0f334d', '2022-08-14 18:35:12', 740000000.0000, 35, 0.4, 274, 2022, 'Nguyễn Văn Anh', '2022-01-01 01:24:55', 'Trịnh Ngọc Diễm', '2022-06-23 17:02:43', '2022-05-12 11:47:38', 1),
('46421cb1-7414-1d61-2c80-de64d090a2c2', 'TS960', 'Điện thoại-341', '469b3ece-744a-45d5-957d-e8c757976496', '38528581-656f-2902-32de-23e177779933', '2022-08-14 18:35:12', 110000000.0000, 60, 0.4, 4, 2022, 'Võ Minh Mạnh', '2022-06-24 08:51:03', 'Hoàng Thị Loan', '2022-01-01 00:16:15', '2022-01-01 02:27:52', 1),
('481183cb-5a6c-795b-68f6-423b4e874d0f', 'TS991', 'Máy tính Xách tay-477', '142cb08f-7c31-21fa-8e90-67245e8b283e', '7dbd90f6-6015-12c6-4b29-a2925c0f334d', '2022-08-14 18:35:12', 520000000.0000, 22, 0, 33318, 2022, 'Nguyễn Ngọc Thanh', '2022-06-06 19:09:55', 'Bùi Ngọc Thái', '2022-01-01 00:08:52', '2022-06-19 22:59:33', 1),
('48147636-7e8f-6939-2580-de64d090a2c2', 'TS136', 'Điện thoại-929', '142cb08f-7c31-21fa-8e90-67245e8b283e', '26de5798-48e1-14d3-9f0b-87ae14180c33', '2022-08-14 18:35:12', 220000000.0000, 56, 0.4, 41, 2022, 'Hoàng Thị Thái', '2022-08-09 00:29:44', 'Nguyễn Việt Thuận', '2022-03-24 08:14:45', '2022-03-10 00:24:14', 1),
('4852769b-3986-7c69-2077-d9ebc53aac3d', 'TS163', 'Ô tô mercedes-334', '17120d02-6ab5-3e43-18cb-66948daf6128', '2c6981c9-286a-4e7b-88c0-08fd2f807219', '2022-08-14 18:35:12', 290000000.0000, 22, 0, 5, 2022, 'Nguyễn Thị Ly', '2022-01-03 18:31:12', 'Nguyễn Văn Thuận', '2022-06-14 21:14:25', '2022-01-01 01:18:33', 1),
('4863fe5f-13df-4653-9041-c1ec321fe728', 'TS590', 'Điện thoại-299', '469b3ece-744a-45d5-957d-e8c757976496', '41c2dce0-2c38-3bc6-16cf-9712082ff6cb', '2022-08-14 18:35:12', 260000000.0000, 57, 0.9, 6382, 2022, 'Lê Thị Hường', '2022-07-12 05:33:24', NULL, '2022-08-02 05:45:51', '2022-06-10 18:40:58', 1),
('4989ff24-23e7-7b82-b6d2-89b22d10517e', 'TS069', 'Ô tô mercedes-596', '17120d02-6ab5-3e43-18cb-66948daf6128', '53baae5e-52f2-2642-4a29-a2925c0f334d', '2022-08-14 18:35:12', 540000000.0000, 41, 0.4, 20637, 2022, 'Trân Thị Thành', '2022-02-05 12:07:57', 'Nguyễn Văn Diễm', '2022-01-01 00:00:02', '2022-06-14 01:38:14', 1),
('4a594072-7a23-18da-c9d2-89b22d10517e', 'TS585', 'Máy tính Xách tay-151', '142cb08f-7c31-21fa-8e90-67245e8b283e', '182ac03d-3bc5-1d27-7309-bf1378b8dc91', '2022-08-14 18:35:12', 150000000.0000, 32, 0.4, 87, 2022, 'Nguyễn Thị Linh', '2022-01-08 07:57:23', 'Bùi Thị Cường', NULL, '2022-02-02 14:51:32', 1),
('4a9854e8-12ac-72ac-2877-d9ebc53aac3d', 'TS124', 'Điện thoại-548', '469b3ece-744a-45d5-957d-e8c757976496', '4d759fc8-400f-6e8f-5bbe-406293204378', '2022-08-14 18:35:12', 890000000.0000, 25, 0.3, 2, 2022, 'Võ Thái Tuấn', '2022-01-01 00:00:07', 'Nguyễn Thái Mai', '2022-01-01 00:33:00', '2022-01-01 00:10:37', 1),
('4b649055-43d5-2b07-de1d-086412a8ea97', 'TS335', 'Điện thoại-594', '142cb08f-7c31-21fa-8e90-67245e8b283e', '4931f441-237d-4e19-9e0b-87ae14180c33', '2022-08-14 18:35:12', 800000000.0000, 39, 0, 583, 2022, 'Nguyễn Văn Ngọc', '2022-01-01 00:16:31', 'Nguyễn Ngọc Hân', '2022-01-10 15:18:14', '2022-07-24 21:13:48', 1),
('4bf4567b-1505-40db-dd1d-086412a8ea97', 'TS418', 'Điện thoại-653', '469b3ece-744a-45d5-957d-e8c757976496', '41c2dce0-2c38-3bc6-16cf-9712082ff6cb', '2022-08-14 18:35:12', 300000000.0000, 81, 0.8, 8262, 2022, 'Nguyễn Thị Tuấn', '2022-02-02 03:26:59', 'Nông Mai Mai', '2022-01-01 00:01:23', '2022-05-10 07:35:20', 1),
('4bf9ecda-2d8e-1724-1d80-de64d090a2c2', 'TS456', 'Ô tô mercedes-738', '4e272fc4-7875-78d6-7d32-6a1673ffca7c', '749f165c-16de-4b32-86c0-08fd2f807219', '2022-08-14 18:35:12', NULL, 88, 0.2, 75, 2022, 'Trân Mai Ngọc', '2022-05-13 14:24:52', 'Hoàng Thái Mai', '2022-02-23 08:26:01', '2022-01-01 00:03:03', 1),
('4c14bdf4-3327-39eb-2d80-de64d090a2c2', 'TS264', 'Điện thoại-628', '17120d02-6ab5-3e43-18cb-66948daf6128', '40dcb887-554e-6059-a120-39c2f00615e8', '2022-08-14 18:35:12', 200000000.0000, 17, 0.3, 8410, 2022, 'Mai Thái Mạnh', '2022-01-01 00:00:05', 'Nguyễn Thị Thành', '2022-03-21 12:01:57', '2022-02-19 05:51:17', 1),
('4c61c74b-4a9f-769e-0d35-60b3ebf808a9', 'TS533', 'Điện thoại-496', '469b3ece-744a-45d5-957d-e8c757976496', '5ee2ba7f-49ee-5b09-5cbe-406293204378', '2022-08-14 18:35:12', 470000000.0000, 51, 0.9, 52733, 2022, 'Nông Minh Mạnh', '2022-08-05 20:07:14', 'Nguyễn Thị Giang', '2022-01-01 00:00:08', '2022-01-06 15:33:59', 1),
('4c9ebdde-5f9a-58dd-4235-0028ed526dd0', 'TS591', 'Ô tô mercedes-513', '17120d02-6ab5-3e43-18cb-66948daf6128', '1b691e79-236d-5b5a-9d20-39c2f00615e8', '2022-08-14 18:35:12', 870000000.0000, 95, 0.8, 9, 2022, 'Nguyễn Thái Mạnh', '2022-04-23 19:38:01', 'Mai Văn Hường', '2022-01-18 04:00:15', '2022-02-21 12:34:03', 1),
('4cc606bb-3068-7d32-3f35-0028ed526dd0', 'TS391', 'Máy tính Xách tay-691', '17120d02-6ab5-3e43-18cb-66948daf6128', '5c9f5f1a-6f5c-49cc-59be-406293204378', '2022-08-14 18:35:12', 210000000.0000, 31, 0.8, 43, 2022, 'Nguyễn Thị Thái', '2022-01-01 00:01:24', 'Nguyễn Minh Trường', '2022-04-18 22:18:25', '2022-07-09 20:27:22', 1),
('4d536cce-31bf-335e-bfd2-89b22d10517e', 'TS522', 'Máy tính Xách tay-250', '17120d02-6ab5-3e43-18cb-66948daf6128', '5c9f5f1a-6f5c-49cc-59be-406293204378', '2022-08-14 18:35:12', NULL, 32, 0.7, 3, 2022, 'Nguyễn Minh Hiếu', '2022-04-25 08:12:36', 'Nguyễn Ngọc Trường', '2022-03-10 16:18:36', '2022-06-18 19:24:45', 1),
('4d6d3d5c-26da-45b3-2977-d9ebc53aac3d', 'TS659', 'Máy tính Xách tay-826', '142cb08f-7c31-21fa-8e90-67245e8b283e', '26de5798-48e1-14d3-9f0b-87ae14180c33', '2022-08-14 18:35:12', 230000000.0000, 13, 0.2, 3, 2022, 'Nguyễn Thị Hiếu', '2022-07-03 11:48:25', 'Võ Việt Cường', '2022-01-08 04:08:22', '2022-03-13 08:49:11', 1),
('4db9a514-6d87-2ec1-3b35-0028ed526dd0', 'TS413', 'Điện thoại-025', '469b3ece-744a-45d5-957d-e8c757976496', '1f94a596-32c4-2a29-8ad5-ba100c6f7bce', '2022-08-14 18:35:12', 880000000.0000, 69, 0.4, 93, 2022, 'Nguyễn Mai Trường', '2022-04-06 19:06:34', 'Mai Ngọc Lệ', '2022-08-11 02:49:59', '2022-05-05 00:19:20', 1),
('4dd0746a-6f49-64fa-1d77-d9ebc53aac3d', 'TS198', 'Máy tính Xách tay-373', '17120d02-6ab5-3e43-18cb-66948daf6128', '20bbbd0b-3c4a-7d94-6f09-bf1378b8dc91', '2022-08-14 18:35:12', 970000000.0000, 82, 0.8, 24480, 2022, 'Nguyễn Văn Thái', '2022-01-01 00:33:05', 'Nguyễn Việt Lệ', '2022-01-08 15:05:32', '2022-01-01 00:00:50', 1),
('4e2c885d-5347-35dc-79f6-423b4e874d0f', 'TS445', 'Ô tô mercedes-725', '469b3ece-744a-45d5-957d-e8c757976496', '1f94a596-32c4-2a29-8ad5-ba100c6f7bce', '2022-08-14 18:35:12', 560000000.0000, 45, 0.5, 783, 2022, 'Nguyễn Thị Minh', '2022-04-29 21:29:56', NULL, '2022-05-15 07:19:17', '2022-01-01 00:01:39', 1),
('4eb131b8-234a-632f-4b35-0028ed526dd0', 'TS170', 'Máy tính Xách tay-351', '4e272fc4-7875-78d6-7d32-6a1673ffca7c', '14ee7bc0-194c-3948-57be-406293204378', '2022-08-14 18:35:12', 170000000.0000, 55, 0.5, 45, 2022, 'Nguyễn Ngọc Diễm', '2022-07-16 08:48:09', 'Nguyễn Diễm Ngọc', '2022-07-08 00:39:31', '2022-01-01 00:03:59', 1),
('4efc95ad-2cc2-3f45-bed2-89b22d10517e', 'TS873', 'Ô tô mercedes-468', '4e272fc4-7875-78d6-7d32-6a1673ffca7c', '765a8849-65a2-2ad9-a220-39c2f00615e8', '2022-08-14 18:35:12', 460000000.0000, 76, 0.5, 31696, 2022, 'Nguyễn Việt Bằng', '2022-05-08 15:55:50', 'Trân Tuấn Thái', '2022-01-08 15:39:28', '2022-03-31 02:07:13', 1),
('4f65f6c1-4525-16e5-4135-0028ed526dd0', 'TS040', 'Ô tô mercedes-909', '469b3ece-744a-45d5-957d-e8c757976496', '14ee7bc0-194c-3948-57be-406293204378', '2022-08-14 18:35:12', 600000000.0000, 3, 0.1, 822, 2022, 'Trân Ngọc Diễm', '2022-01-29 12:04:11', 'Trân Việt Tuấn', '2022-06-13 09:48:09', '2022-01-01 00:10:08', 1),
('4f6e3234-1da4-7273-c7d2-89b22d10517e', 'TS239', 'Điện thoại-703', '469b3ece-744a-45d5-957d-e8c757976496', '28018b36-16ff-393b-a020-39c2f00615e8', '2022-08-14 18:35:12', 920000000.0000, 53, 0.5, 27, 2022, 'Nguyễn Việt Tuấn', '2022-01-01 00:00:09', 'Nguyễn Thị Thành', '2022-04-13 15:17:11', '2022-05-01 13:44:55', 1),
('500b6761-1631-4f3a-c0d2-89b22d10517e', 'TS392', 'Điện thoại-786', '4e272fc4-7875-78d6-7d32-6a1673ffca7c', '3bad7541-7915-6d1b-34de-23e177779933', '2022-08-14 18:35:12', 350000000.0000, 52, 0.6, 628, 2022, 'Trân Mai Mạnh', '2022-06-03 21:52:25', 'Nguyễn Văn Minh', '2022-06-20 01:31:12', '2022-07-05 06:16:14', 1),
('50253399-32d6-3154-5535-0028ed526dd0', 'TS516', 'Điện thoại-405', '142cb08f-7c31-21fa-8e90-67245e8b283e', '5ca4f407-2d2d-24db-18cf-9712082ff6cb', '2022-08-14 18:35:12', 370000000.0000, 5, 0.7, 4, 2022, 'Nguyễn Thị Tuấn', '2022-03-13 03:32:38', 'Hoàng Tuấn Cường', '2022-01-01 00:58:15', '2022-01-01 00:09:19', 1),
('506acf1e-5331-67a9-0d77-d9ebc53aac3d', 'TS485', ' Nhà ở ', '142cb08f-7c31-21fa-8e90-67245e8b283e', '1791bb94-7da7-2a8b-8dd5-ba100c6f7bce', '2022-08-14 18:35:12', 350000000.0000, 64, 0, 454, 2022, 'Nông Văn Hương', '2022-03-15 09:34:11', 'Nguyễn Việt Hoa', '2022-01-01 00:00:09', '2022-04-04 11:25:43', 1),
('50b49b1f-3df8-4b52-db1d-086412a8ea97', 'TS612', 'Điện thoại-918', '4e272fc4-7875-78d6-7d32-6a1673ffca7c', '234d2569-6b1c-720c-9f20-39c2f00615e8', '2022-08-14 18:35:12', 110000000.0000, 23, 0, 27546, 2022, 'Nông Mai Hoa', '2022-05-20 15:42:19', 'Trân Minh Diễm', '2022-08-04 17:28:59', '2022-01-01 00:00:09', 1),
('50c07587-55d5-5b36-1b77-d9ebc53aac3d', 'TS217', 'Máy tính Xách tay-110', '142cb08f-7c31-21fa-8e90-67245e8b283e', '40dcb887-554e-6059-a120-39c2f00615e8', '2022-08-14 18:35:12', 400000000.0000, 7, 0.5, 626, 2022, 'Lê Thị Loan', '2022-04-08 05:11:32', 'Trân Việt Loan', '2022-05-22 16:26:20', '2022-03-12 09:45:42', 1),
('5163ba6d-4e5a-4043-df1d-086412a8ea97', 'TS005', 'Điện thoại-128', '142cb08f-7c31-21fa-8e90-67245e8b283e', '4d759fc8-400f-6e8f-5bbe-406293204378', '2022-08-14 18:35:12', NULL, 7, 0.7, 28, 2022, 'Võ Ngọc Mai', '2022-01-30 23:09:30', 'Hoàng Thị Anh', '2022-01-01 00:10:41', '2022-02-03 08:43:34', 1),
('517035f8-43a9-4c59-72f6-423b4e874d0f', 'TS844', 'Điện thoại-158', '17120d02-6ab5-3e43-18cb-66948daf6128', '75541709-3f4a-4f20-87c0-08fd2f807219', '2022-08-14 18:35:12', 390000000.0000, 72, 0.1, 14758, 2022, 'Trịnh Ngọc Ngọc', '2022-07-19 01:49:11', 'Nông Thị Hân', '2022-06-24 00:31:16', '2022-06-29 11:45:54', 1),
('51b5ac10-6dea-17ad-2080-de64d090a2c2', 'TS023', 'Ô tô mercedes-696', '17120d02-6ab5-3e43-18cb-66948daf6128', '1f94a596-32c4-2a29-8ad5-ba100c6f7bce', '2022-08-14 18:35:12', 280000000.0000, 63, 0.7, 1900, 2022, 'Võ Thái Hoàng', '2022-07-07 14:36:48', 'Nguyễn Thị Ly', '2022-07-12 06:34:27', '2022-02-02 10:06:49', 1),
('51c6e7d3-53bf-49ae-8a41-c1ec321fe728', 'TS315', 'Máy tính Xách tay-816', '4e272fc4-7875-78d6-7d32-6a1673ffca7c', '354f1b13-17bf-1b52-87d5-ba100c6f7bce', '2022-08-14 18:35:12', 870000000.0000, 37, 0, 85, 2022, 'Nguyễn Thị Minh', '2022-01-01 01:38:35', 'Nguyễn Thị Ngọc', '2022-02-09 17:30:17', '2022-03-15 17:57:06', 1),
('524751f2-1577-523d-ce1d-086412a8ea97', 'TS946', 'Điện thoại-889', '142cb08f-7c31-21fa-8e90-67245e8b283e', '5ca4f407-2d2d-24db-18cf-9712082ff6cb', '2022-08-14 18:35:12', 980000000.0000, 82, 0.2, 9137, 2022, 'Nông Thị Tuấn', '2022-01-17 23:53:32', 'Võ Diễm Ly', '2022-01-17 09:48:22', '2022-02-01 19:29:01', 1),
('5254e49d-4368-3162-29c2-579daad24557', 'TS337', 'Ô tô mercedes-472', '4e272fc4-7875-78d6-7d32-6a1673ffca7c', '2cc5723c-56c3-7df9-8bd5-ba100c6f7bce', '2022-08-14 18:35:12', 400000000.0000, 92, 0.8, 72, 2022, 'Trân Ngọc Cường', '2022-06-11 01:44:09', 'Nguyễn Tuấn Lệ', '2022-01-01 00:14:48', '2022-04-28 14:27:25', 1),
('527e293c-2185-6d0a-5580-7ed9d1ea06ea', 'TS757', 'Điện thoại-145', '469b3ece-744a-45d5-957d-e8c757976496', '36104b10-705b-57a8-83c0-08fd2f807219', '2022-08-14 18:35:12', 690000000.0000, 51, 0.4, 6, 2022, 'Mai Thị Cường', '2022-01-01 00:00:03', 'Mai Văn Tuấn', '2022-01-01 00:01:38', '2022-01-01 00:01:25', 1),
('52a36f9d-42d4-6841-38c2-579daad24557', 'TS694', 'Ô tô mercedes-195', '4e272fc4-7875-78d6-7d32-6a1673ffca7c', '3bad7541-7915-6d1b-34de-23e177779933', '2022-08-14 18:35:12', 860000000.0000, 21, 0.7, 241, 2022, 'Nguyễn Thị Thái', '2022-05-11 22:09:35', NULL, '2022-01-01 02:32:26', '2022-06-01 15:11:31', 1),
('535ddd98-1493-7909-1e80-de64d090a2c2', 'TS076', 'Điện thoại-222', '4e272fc4-7875-78d6-7d32-6a1673ffca7c', '12437806-26ac-3517-9c0b-87ae14180c33', '2022-08-14 18:35:12', 630000000.0000, 28, 0.8, 52465, 2022, 'Nguyễn Thái Lệ', '2022-05-24 10:03:21', 'Nông Thái Thuận', '2022-03-05 01:15:39', '2022-01-08 06:39:52', 1),
('53f68d51-267f-2d1e-8241-c1ec321fe728', 'TS288', 'Ô tô mercedes-978', '142cb08f-7c31-21fa-8e90-67245e8b283e', '354f1b13-17bf-1b52-87d5-ba100c6f7bce', '2022-08-14 18:35:12', 520000000.0000, 99, 0.8, 187, 2022, 'Lê Văn Tuấn', '2022-01-01 00:15:57', 'Nguyễn Ngọc Ngọc', '2022-01-01 00:00:39', '2022-01-17 00:47:18', 1),
('5440d89a-638d-5382-47c2-579daad24557', 'TS667', 'Điện thoại-185', '142cb08f-7c31-21fa-8e90-67245e8b283e', '13548f3b-37b7-728f-ff83-196123975cb2', '2022-08-14 18:35:12', 190000000.0000, 68, 0.4, 1, 2022, 'Nguyễn Thị Ly', '2022-06-15 21:31:07', 'Nguyễn Ngọc Hương', '2022-01-01 00:00:07', '2022-08-10 23:56:21', 1),
('56249d42-1aee-20b3-3fc2-579daad24557', 'TS824', 'Máy tính Xách tay-799', '17120d02-6ab5-3e43-18cb-66948daf6128', '4fbf7ac2-4f95-259e-fd83-196123975cb2', '2022-08-14 18:35:12', 410000000.0000, 65, 0.2, 91, 2022, 'Mai Việt Cường', '2022-06-26 08:06:03', 'Võ Minh Cường', '2022-06-25 11:06:44', '2022-04-02 14:50:13', 1),
('56313fc9-7b84-1517-3080-de64d090a2c2', 'TS321', 'Máy tính Xách tay-116', '469b3ece-744a-45d5-957d-e8c757976496', '62a849b4-1145-4227-7009-bf1378b8dc91', '2022-08-14 18:35:12', 920000000.0000, 51, 0.5, 785, 2022, 'Nguyễn Thị Ngọc', '2022-04-20 01:07:46', 'Nguyễn Thị Ly', '2022-01-01 00:00:07', '2022-04-14 19:22:32', 1),
('564127b8-58f3-46f3-7df6-423b4e874d0f', 'TS622', 'Điện thoại-379', '17120d02-6ab5-3e43-18cb-66948daf6128', '25c6c36e-1668-7d10-6e09-bf1378b8dc91', '2022-08-14 18:35:12', 640000000.0000, 14, 0.9, 1, 2022, 'Nguyễn Thị Giang', '2022-04-16 17:37:12', 'Hoàng Diễm Minh', '2022-01-01 00:03:46', '2022-07-13 03:53:23', 1),
('565c3832-2fbc-2ad0-4735-0028ed526dd0', 'TS788', 'Điện thoại-638', '469b3ece-744a-45d5-957d-e8c757976496', '5ee2ba7f-49ee-5b09-5cbe-406293204378', '2022-08-14 18:35:12', NULL, 81, 0.1, 9, 2022, 'Nông Thị Hiếu', '2022-05-15 15:30:09', 'Nguyễn Thị Cường', '2022-03-13 17:21:17', '2022-04-12 13:45:53', 1),
('5697b103-5179-7ac3-d31d-086412a8ea97', 'TS223', 'Ô tô mercedes-851', '469b3ece-744a-45d5-957d-e8c757976496', '4931f441-237d-4e19-9e0b-87ae14180c33', '2022-08-14 18:35:12', NULL, 69, 0.2, 63659, 2022, 'Bùi Diễm Diễm', '2022-02-20 19:52:01', 'Nguyễn Thị Cường', '2022-02-17 16:00:01', '2022-01-07 19:00:53', 1),
('56aaf263-3355-23ea-b8d2-89b22d10517e', 'TS798', 'Điện thoại-736', '4e272fc4-7875-78d6-7d32-6a1673ffca7c', '28018b36-16ff-393b-a020-39c2f00615e8', '2022-08-14 18:35:12', 230000000.0000, 61, 0.9, 839, 2022, 'Nguyễn Thị Hân', '2022-05-06 06:33:04', 'Nguyễn Minh Minh', '2022-02-05 01:45:07', '2022-06-23 23:03:22', 1),
('56dce332-76f0-6b9b-5080-7ed9d1ea06ea', 'TS774', 'Ô tô mercedes-913', '469b3ece-744a-45d5-957d-e8c757976496', '486f3705-5928-5b0d-15cf-9712082ff6cb', '2022-08-14 18:35:12', 260000000.0000, 52, 0.4, 24, 2022, 'Nông Thị Lệ', '2022-01-01 00:08:32', 'Nguyễn Thị Ngọc', '2022-01-28 23:31:38', '2022-05-14 22:25:02', 1),
('57cdf8c4-47e3-5560-7e41-c1ec321fe728', 'TS700', 'Biệt thư', '17120d02-6ab5-3e43-18cb-66948daf6128', '749af78e-699e-5d1e-7109-bf1378b8dc91', '2022-08-14 18:35:12', 940000000.0000, 53, 0.9, 686, 2022, 'Nguyễn Thị Lệ', '2022-01-24 19:37:55', 'Lê Diễm Tuấn', '2022-01-01 00:00:07', '2022-05-07 13:16:41', 1),
('57d4e925-6e28-208d-9741-c1ec321fe728', 'TS276', 'Điện thoại-554', '17120d02-6ab5-3e43-18cb-66948daf6128', '40dcb887-554e-6059-a120-39c2f00615e8', '2022-08-14 18:35:12', 550000000.0000, 31, 0.2, 48366, 2022, 'Hoàng Mai Ngọc', '2022-03-11 14:05:40', 'Nguyễn Việt Tuấn', '2022-01-01 00:01:04', '2022-01-01 00:55:03', 1),
('57dc4273-5c51-4aea-4d35-0028ed526dd0', 'TS635', 'Ô tô mercedes-608', '142cb08f-7c31-21fa-8e90-67245e8b283e', '3bad7541-7915-6d1b-34de-23e177779933', '2022-08-14 18:35:12', 580000000.0000, 5, 0.3, 7, 2022, 'Trịnh Việt Mai', '2022-06-18 03:09:18', 'Trân Mai Hường', '2022-01-01 00:00:42', '2022-03-19 14:12:09', 1),
('57e65423-37f0-74b0-71f6-423b4e874d0f', 'TS395', 'Máy tính Xách tay-772', '4e272fc4-7875-78d6-7d32-6a1673ffca7c', '749af78e-699e-5d1e-7109-bf1378b8dc91', '2022-08-14 18:35:12', 780000000.0000, 13, 0.7, 39, 2022, 'Lê Tuấn Hường', '2022-04-03 00:01:19', 'Nguyễn Ngọc Trường', '2022-01-29 10:28:29', '2022-06-19 16:05:01', 1),
('58afd6b5-2205-64f6-9341-c1ec321fe728', 'TS582', 'Máy tính Xách tay-609', '142cb08f-7c31-21fa-8e90-67245e8b283e', '38fae0a4-2a8d-7751-17cf-9712082ff6cb', '2022-08-14 18:35:12', 310000000.0000, 3, 0.7, 24, 2022, 'Nguyễn Diễm Hường', '2022-05-29 09:59:28', 'Nguyễn Minh Hoa', '2022-06-23 13:21:52', '2022-01-01 00:02:34', 1),
('58e49fff-2a42-4ce7-1c77-d9ebc53aac3d', 'TS505', 'Máy tính Xách tay-752', '4e272fc4-7875-78d6-7d32-6a1673ffca7c', '749af78e-699e-5d1e-7109-bf1378b8dc91', '2022-08-14 18:35:12', 810000000.0000, 95, 0.3, 21, 2022, 'Bùi Ngọc Thanh', '2022-06-05 10:58:42', 'Hoàng Việt Thanh', '2022-05-03 06:52:36', '2022-01-01 00:00:04', 1),
('592aba45-4643-52ff-c1d2-89b22d10517e', 'TS442', 'Máy tính Xách tay-153', '17120d02-6ab5-3e43-18cb-66948daf6128', '354f1b13-17bf-1b52-87d5-ba100c6f7bce', '2022-08-14 18:35:12', 140000000.0000, 57, 0.9, 8, 2022, 'Hoàng Việt Thành', '2022-01-01 00:00:49', 'Lê Thị Thành', '2022-01-24 21:25:48', '2022-01-01 01:27:22', 1),
('5957cf32-7c84-1987-1635-60b3ebf808a9', 'TS105', 'Điện thoại-640', '17120d02-6ab5-3e43-18cb-66948daf6128', '2c6981c9-286a-4e7b-88c0-08fd2f807219', '2022-08-14 18:35:12', 100000000.0000, 21, 0.8, 9, 2022, 'Nguyễn Thị Cường', '2022-01-01 00:10:59', 'Nguyễn Ngọc Mạnh', '2022-08-02 12:09:59', '2022-02-08 08:52:03', 1),
('595e7d51-318c-39e8-1377-d9ebc53aac3d', 'TS866', 'Máy tính Xách tay-598', '142cb08f-7c31-21fa-8e90-67245e8b283e', '749af78e-699e-5d1e-7109-bf1378b8dc91', '2022-08-14 18:35:12', NULL, 50, 0.2, 77, 2022, 'Nguyễn Tuấn Ly', '2022-02-08 17:53:44', 'Nguyễn Ngọc Cường', NULL, '2022-01-01 00:01:36', 1),
('59a2f614-253e-1202-6480-7ed9d1ea06ea', 'TS386', 'Ô tô mercedes-271', '4e272fc4-7875-78d6-7d32-6a1673ffca7c', '25c6c36e-1668-7d10-6e09-bf1378b8dc91', '2022-08-14 18:35:12', 700000000.0000, 3, 0.2, 21, 2022, 'Võ Ngọc Thái', '2022-01-13 08:10:57', 'Nguyễn Thái Thanh', '2022-07-21 18:17:34', '2022-02-23 20:42:06', 1),
('5a841b92-791c-78df-5180-7ed9d1ea06ea', 'TS676', 'Điện thoại-951', '469b3ece-744a-45d5-957d-e8c757976496', '62a849b4-1145-4227-7009-bf1378b8dc91', '2022-08-14 18:35:12', 780000000.0000, 87, 0.2, 619, 2022, 'Võ Việt Hoa', '2022-01-01 01:37:34', 'Nguyễn Ngọc Hương', '2022-05-03 00:26:08', '2022-06-04 09:48:18', 1),
('5b92dd14-27d6-12d0-0e35-60b3ebf808a9', 'TS864', 'Ô tô mercedes-295', '142cb08f-7c31-21fa-8e90-67245e8b283e', '7dbd90f6-6015-12c6-4b29-a2925c0f334d', '2022-08-14 18:35:12', 560000000.0000, 61, 0.6, 27, 2022, 'Nguyễn Tuấn Hương', '2022-07-01 13:08:51', 'Nguyễn Minh Tuấn', '2022-03-11 12:13:57', '2022-03-08 20:35:42', 1),
('5c762b70-6ca3-4343-2880-de64d090a2c2', 'TS955', 'Máy tính Xách tay-801', '4e272fc4-7875-78d6-7d32-6a1673ffca7c', '57a3f48f-1c1d-1f04-9e20-39c2f00615e8', '2022-08-14 18:35:12', 640000000.0000, 46, 0.4, 163, 2022, 'Nguyễn Ngọc Bằng', '2022-03-24 03:20:52', 'Trịnh Ngọc Lệ', '2022-03-17 03:48:13', '2022-07-01 03:50:21', 1),
('5c7f0ec4-77f2-3794-cf1d-086412a8ea97', 'TS692', 'Ô tô mercedes-723', '142cb08f-7c31-21fa-8e90-67245e8b283e', '62a849b4-1145-4227-7009-bf1378b8dc91', '2022-08-14 18:35:12', 240000000.0000, 26, 0.1, 3, 2022, 'Nguyễn Minh Cường', '2022-07-10 03:52:31', 'Nguyễn Thị Giang', '2022-01-24 17:21:27', '2022-04-26 18:03:02', 1),
('5c85f9f2-1de1-4f0a-3e35-0028ed526dd0', 'TS382', 'Ô tô mercedes-894', '17120d02-6ab5-3e43-18cb-66948daf6128', '40480f96-2014-7c36-4c29-a2925c0f334d', '2022-08-14 18:35:12', 720000000.0000, 88, 0.1, 81802, 2022, 'Hoàng Thị Bằng', '2022-01-19 07:53:19', 'Nguyễn Thị Hường', '2022-05-27 19:45:05', '2022-01-26 04:42:06', 1),
('5cc649e9-60e1-5050-5435-0028ed526dd0', 'TS302', 'Máy tính Xách tay-106', '142cb08f-7c31-21fa-8e90-67245e8b283e', '204c0070-4a99-51b1-7209-bf1378b8dc91', '2022-08-14 18:35:12', 900000000.0000, 70, 0.8, 30152, 2022, 'Mai Thị Thành', '2022-07-02 00:06:12', 'Nguyễn Diễm Thanh', '2022-06-22 11:22:20', '2022-01-01 00:16:22', 1),
('5dc832b0-169a-1395-37c2-579daad24557', 'TS578', 'Điện thoại-872', '142cb08f-7c31-21fa-8e90-67245e8b283e', '357d7c4e-4b7f-11c2-84c0-08fd2f807219', '2022-08-14 18:35:12', 740000000.0000, 7, 0.7, 7294, 2022, 'Võ Minh Giang', '2022-01-01 01:46:50', 'Hoàng Tuấn Ly', NULL, '2022-05-30 11:12:41', 1),
('5de704c2-573f-1a71-1a80-de64d090a2c2', 'TS648', 'Điện thoại-875', '142cb08f-7c31-21fa-8e90-67245e8b283e', '749f165c-16de-4b32-86c0-08fd2f807219', '2022-08-14 18:35:12', 920000000.0000, 77, 0, 6, 2022, 'Lê Văn Loan', '2022-06-18 01:58:32', 'Mai Minh Anh', NULL, '2022-07-16 04:23:28', 1),
('5e07660f-437a-6b63-4ac2-579daad24557', 'TS541', 'Điện thoại-615', '4e272fc4-7875-78d6-7d32-6a1673ffca7c', '1d3986c3-11ae-3e82-85c0-08fd2f807219', '2022-08-14 18:35:12', 610000000.0000, 59, 0.2, 26, 2022, 'Bùi Mai Hường', '2022-01-01 00:12:23', 'Lê Mai Thành', '2022-05-11 18:15:28', '2022-06-17 21:39:31', 1),
('5eaa6527-768d-3ae7-1977-d9ebc53aac3d', 'TS723', 'Ô tô mercedes-581', '4e272fc4-7875-78d6-7d32-6a1673ffca7c', '3b86d2ed-446c-5fce-56be-406293204378', '2022-08-14 18:35:12', 550000000.0000, 10, 0.9, 2, 2022, 'Mai Việt Minh', '2022-03-20 18:24:39', 'Hoàng Ngọc Ngọc', '2022-03-04 07:37:47', '2022-06-24 19:37:09', 1),
('5edb2be2-7849-4909-c2d2-89b22d10517e', 'TS100', 'Ô tô mercedes-380', '469b3ece-744a-45d5-957d-e8c757976496', '62a849b4-1145-4227-7009-bf1378b8dc91', '2022-08-14 18:35:12', 110000000.0000, 94, 0.6, 11, 2022, 'Nguyễn Thị Hoa', '2022-01-28 18:14:21', 'Nguyễn Thị Ngọc', '2022-01-01 02:25:22', '2022-07-23 11:05:58', 1),
('5f03d745-7702-1c85-2bc2-579daad24557', 'TS061', 'Ô tô mercedes-930', '142cb08f-7c31-21fa-8e90-67245e8b283e', '3b86d2ed-446c-5fce-56be-406293204378', '2022-08-14 18:35:12', 820000000.0000, 9, 0.4, 57, 2022, 'Lê Thị Loan', '2022-01-16 15:21:13', 'Trân Thị Mạnh', '2022-08-11 18:50:12', '2022-01-01 00:07:49', 1),
('5f4b1d0a-247b-7049-4435-0028ed526dd0', 'TS058', 'Ô tô mercedes-630', '4e272fc4-7875-78d6-7d32-6a1673ffca7c', '1b691e79-236d-5b5a-9d20-39c2f00615e8', '2022-08-14 18:35:12', 780000000.0000, 81, 0.9, 836, 2022, 'Nông Thị Hiếu', '2022-02-25 05:59:01', 'Mai Minh Hương', '2022-04-27 09:48:21', '2022-04-16 02:15:09', 1),
('5fab4ff7-1b8e-64d0-1880-de64d090a2c2', 'TS438', 'Máy tính Xách tay-009', '142cb08f-7c31-21fa-8e90-67245e8b283e', '37dd9bb0-4c53-4134-31de-23e177779933', '2022-08-14 18:35:12', 630000000.0000, 35, 0.1, 13, 2022, 'Nguyễn Văn Ly', '2022-04-25 08:18:08', 'Nguyễn Minh Hương', '2022-01-18 22:16:50', '2022-08-03 19:04:39', 1),
('5fb9392a-4ad5-1fe7-76f6-423b4e874d0f', 'TS423', 'Điện thoại-400', '17120d02-6ab5-3e43-18cb-66948daf6128', '2c6981c9-286a-4e7b-88c0-08fd2f807219', '2022-08-14 18:35:12', 660000000.0000, 3, 0.9, 96, 2022, 'Nguyễn Thị Cường', '2022-03-03 13:15:15', 'Nguyễn Thị Hân', NULL, '2022-01-09 06:51:51', 1),
('5fd0a411-5945-70f7-4a35-0028ed526dd0', 'TS188', 'Máy tính Xách tay-400', '469b3ece-744a-45d5-957d-e8c757976496', '4931f441-237d-4e19-9e0b-87ae14180c33', '2022-08-14 18:35:12', 290000000.0000, 20, 0.6, 2, 2022, 'Nguyễn Diễm Ly', '2022-01-16 00:43:30', NULL, '2022-03-05 11:00:27', '2022-08-07 20:53:42', 1),
('60b57ac2-2e01-384d-2980-de64d090a2c2', 'TS333', 'Điện thoại-395', '4e272fc4-7875-78d6-7d32-6a1673ffca7c', '4fbf7ac2-4f95-259e-fd83-196123975cb2', '2022-08-14 18:35:12', 670000000.0000, 16, 0.2, 106, 2022, 'Võ Thị Hương', '2022-06-27 19:37:11', 'Nguyễn Minh Mạnh', '2022-08-07 07:42:24', '2022-05-12 04:25:49', 1),
('60fa924e-77de-55f3-2377-d9ebc53aac3d', 'TS940', 'Máy tính Xách tay-548', '17120d02-6ab5-3e43-18cb-66948daf6128', '40480f96-2014-7c36-4c29-a2925c0f334d', '2022-08-14 18:35:12', 280000000.0000, 83, 0.2, 48, 2022, 'Nông Thị Tuấn', '2022-03-04 03:53:04', NULL, NULL, '2022-01-01 00:00:05', 1),
('611bb57c-5f6c-434c-c5d2-89b22d10517e', 'TS511', 'Ô tô mercedes-514', '469b3ece-744a-45d5-957d-e8c757976496', '13548f3b-37b7-728f-ff83-196123975cb2', '2022-08-14 18:35:12', 370000000.0000, 45, 0.6, 26, 2022, 'Trịnh Minh Lệ', '2022-05-13 21:16:47', 'Nguyễn Thị Hương', '2022-04-02 20:55:46', '2022-07-20 15:12:02', 1),
('613afd47-2fc1-15ed-0735-60b3ebf808a9', 'TS894', 'Điện thoại-832', '469b3ece-744a-45d5-957d-e8c757976496', '6b47b37f-3123-3ce7-14cf-9712082ff6cb', '2022-08-14 18:35:12', 580000000.0000, 67, 0.6, 9995, 2022, 'Nguyễn Việt Tuấn', '2022-08-04 21:10:59', NULL, '2022-02-03 00:41:15', '2022-06-01 04:53:56', 1),
('619ecbc4-37bc-19ea-6ff6-423b4e874d0f', 'TS295', 'Máy tính Xách tay-709', '17120d02-6ab5-3e43-18cb-66948daf6128', '2cc5723c-56c3-7df9-8bd5-ba100c6f7bce', '2022-08-14 18:35:12', 820000000.0000, 23, 0.2, 0, 2022, 'Nguyễn Thái Linh', '2022-06-25 23:10:49', 'Nguyễn Ngọc Trường', '2022-05-19 01:36:26', '2022-01-01 00:01:15', 1),
('61cc168f-3524-218a-2b80-de64d090a2c2', 'TS941', 'Điện thoại-945', '4e272fc4-7875-78d6-7d32-6a1673ffca7c', '14ee7bc0-194c-3948-57be-406293204378', '2022-08-14 18:35:12', 970000000.0000, 54, 0, 0, 2022, 'Nông Diễm Mai', '2022-05-07 19:49:49', NULL, NULL, '2022-07-29 18:59:04', 1),
('623727c0-4fb7-573d-c3d2-89b22d10517e', 'TS792', 'Ô tô mercedes-247', '4e272fc4-7875-78d6-7d32-6a1673ffca7c', '4931f441-237d-4e19-9e0b-87ae14180c33', '2022-08-14 18:35:12', 450000000.0000, 18, 0.9, 13, 2022, 'Bùi Thị Cường', '2022-08-06 16:38:06', 'Trân Tuấn Hân', '2022-07-18 06:27:57', '2022-05-24 17:05:01', 1),
('62563348-7bd5-6519-3c35-0028ed526dd0', 'TS984', 'Điện thoại-694', '142cb08f-7c31-21fa-8e90-67245e8b283e', '40dcb887-554e-6059-a120-39c2f00615e8', '2022-08-14 18:35:12', 700000000.0000, 7, 0.3, 28, 2022, 'Hoàng Thái Hiếu', '2022-06-23 22:24:11', 'Nguyễn Thái Loan', '2022-01-01 00:14:52', '2022-07-30 19:50:02', 1),
('62af2231-78a7-7caa-cd1d-086412a8ea97', 'TS686', 'Ô tô mercedes-109', '4e272fc4-7875-78d6-7d32-6a1673ffca7c', '5ca4f407-2d2d-24db-18cf-9712082ff6cb', '2022-08-14 18:35:12', NULL, 69, 0.7, 41, 2022, 'Nguyễn Mai Lệ', '2022-06-23 19:45:12', 'Nguyễn Thị Minh', '2022-05-26 05:24:49', '2022-05-14 23:48:46', 1),
('6349b25b-78e2-2d06-2780-de64d090a2c2', 'TS784', 'Máy tính Xách tay-202', '4e272fc4-7875-78d6-7d32-6a1673ffca7c', '75541709-3f4a-4f20-87c0-08fd2f807219', '2022-08-14 18:35:12', 870000000.0000, 5, 0.2, 553, 2022, 'Võ Thị Ly', '2022-02-24 10:33:08', 'Nguyễn Tuấn Cường', '2022-01-01 00:01:20', '2022-05-12 13:08:57', 1),
('6385cdf4-650b-6946-7cf6-423b4e874d0f', 'TS230', 'Máy tính Xách tay-012', '17120d02-6ab5-3e43-18cb-66948daf6128', '62a849b4-1145-4227-7009-bf1378b8dc91', '2022-08-14 18:35:12', 140000000.0000, 22, 0.9, 14847, 2022, 'Bùi Minh Anh', '2022-01-01 00:00:53', NULL, '2022-01-01 02:18:45', '2022-02-23 17:11:22', 1),
('6399a2a5-2afd-3384-da1d-086412a8ea97', 'TS191', 'Ô tô mercedes-250', '469b3ece-744a-45d5-957d-e8c757976496', '38fae0a4-2a8d-7751-17cf-9712082ff6cb', '2022-08-14 18:35:12', 410000000.0000, 8, 0, 1, 2022, 'Trân Thái Mai', '2022-01-01 00:00:09', 'Nguyễn Thị Mai', '2022-03-03 08:40:53', '2022-06-09 06:47:01', 1),
('6485b64f-7835-65a4-8041-c1ec321fe728', 'TS012', 'Ô tô mercedes-852', '142cb08f-7c31-21fa-8e90-67245e8b283e', '75541709-3f4a-4f20-87c0-08fd2f807219', '2022-08-14 18:35:12', 700000000.0000, 51, 0.8, 469, 2022, 'Lê Minh Loan', '2022-02-06 00:50:25', 'Hoàng Thị Cường', NULL, '2022-06-23 10:40:04', 1),
('65334c99-4eec-773c-2c77-d9ebc53aac3d', 'TS266', 'Điện thoại-974', '469b3ece-744a-45d5-957d-e8c757976496', '7dbd90f6-6015-12c6-4b29-a2925c0f334d', '2022-08-14 18:35:12', 980000000.0000, 65, 0.1, 57122, 2022, 'Bùi Văn Trường', '2022-03-31 21:05:28', 'Nguyễn Thái Cường', '2022-06-11 05:37:27', '2022-01-01 00:07:00', 1),
('65ecf5c2-5298-156e-d51d-086412a8ea97', 'TS687', 'Điện thoại-847', '469b3ece-744a-45d5-957d-e8c757976496', '14ee7bc0-194c-3948-57be-406293204378', '2022-08-14 18:35:12', 690000000.0000, 46, 0.2, 99286, 2022, 'Nguyễn Thị Thành', '2022-02-22 03:14:17', 'Nguyễn Mai Mai', '2022-01-01 00:00:02', '2022-01-09 09:24:52', 1),
('66ef0b11-1892-1443-1877-d9ebc53aac3d', 'TS570', 'Điện thoại-851', '469b3ece-744a-45d5-957d-e8c757976496', '15cb3909-1246-2add-33de-23e177779933', '2022-08-14 18:35:12', 280000000.0000, 11, 0.8, 7, 2022, 'Hoàng Ngọc Hân', '2022-02-20 15:51:54', 'Lê Ngọc Trường', '2022-04-07 19:09:38', '2022-01-01 00:02:27', 1),
('677132b4-2a33-68d1-26c2-579daad24557', 'TS487', ' ', '469b3ece-744a-45d5-957d-e8c757976496', '38fae0a4-2a8d-7751-17cf-9712082ff6cb', '2022-08-14 18:35:12', 290000000.0000, 46, 0.9, 82562, 2022, 'Nguyễn Minh Hiếu', '2022-04-26 03:59:04', 'Nguyễn Văn Lệ', '2022-01-01 00:00:01', '2022-07-19 17:36:27', 1),
('67e3818b-56b7-4eb0-5c80-7ed9d1ea06ea', 'TS182', 'Điện thoại-814', '142cb08f-7c31-21fa-8e90-67245e8b283e', '2c6981c9-286a-4e7b-88c0-08fd2f807219', '2022-08-14 18:35:12', 840000000.0000, 78, 0.9, 7, 2022, 'Nguyễn Tuấn Tuấn', '2022-01-09 01:05:55', 'Nguyễn Minh Trường', '2022-03-29 15:25:01', '2022-01-24 08:58:30', 1),
('68c6083a-3e64-63ed-49c2-579daad24557', 'TS158', 'Máy tính Xách tay-377', '4e272fc4-7875-78d6-7d32-6a1673ffca7c', '40480f96-2014-7c36-4c29-a2925c0f334d', '2022-08-14 18:35:12', 810000000.0000, 99, 0.5, 7, 2022, 'Mai Tuấn Ly', '2022-05-27 11:04:18', 'Trịnh Thị Trường', '2022-01-01 02:38:24', '2022-01-01 00:00:25', 1),
('6a50ecc3-384e-2a54-2177-d9ebc53aac3d', 'TS558', 'Ô tô mercedes-788', '469b3ece-744a-45d5-957d-e8c757976496', '40dcb887-554e-6059-a120-39c2f00615e8', '2022-08-14 18:35:12', 770000000.0000, 9, 0.8, 3, 2022, 'Nguyễn Minh Giang', '2022-01-01 00:00:54', 'Nguyễn Việt Mai', '2022-05-06 04:22:22', '2022-07-02 17:48:29', 1),
('6a763a51-4322-5c5a-b5d2-89b22d10517e', 'TS228', 'Điện thoại-506', '4e272fc4-7875-78d6-7d32-6a1673ffca7c', '749f165c-16de-4b32-86c0-08fd2f807219', '2022-08-14 18:35:12', 450000000.0000, 45, 0.9, 19813, 2022, 'Nguyễn Thái Hân', '2022-02-07 06:48:41', 'Nguyễn Thái Trường', '2022-04-08 08:41:42', '2022-03-12 05:52:30', 1),
('6b003232-3bbd-7f5b-2f77-d9ebc53aac3d', 'TS107', 'Ô tô mercedes-653', '17120d02-6ab5-3e43-18cb-66948daf6128', '15cb3909-1246-2add-33de-23e177779933', '2022-08-14 18:35:12', 440000000.0000, 59, 0.4, 6, 2022, 'Trân Minh Tuấn', '2022-06-16 17:53:08', 'Nguyễn Thị Tuấn', '2022-01-01 00:01:37', '2022-01-01 00:00:01', 1),
('6b12b154-39d3-1a5b-2280-de64d090a2c2', 'TS052', 'Điện thoại-059', '4e272fc4-7875-78d6-7d32-6a1673ffca7c', '22f29725-54f0-11f0-9d0b-87ae14180c33', '2022-08-14 18:35:12', 950000000.0000, 66, 0.6, 2, 2022, 'Nông Tuấn Anh', '2022-07-05 17:20:29', 'Bùi Việt Linh', '2022-04-20 04:28:00', '2022-01-01 00:00:46', 1),
('6b3600cd-500f-4faf-5035-0028ed526dd0', 'TS153', 'Máy tính Xách tay-680', '17120d02-6ab5-3e43-18cb-66948daf6128', '53baae5e-52f2-2642-4a29-a2925c0f334d', '2022-08-14 18:35:12', 570000000.0000, 83, 0.6, 5, 2022, 'Nguyễn Thị Hoa', '2022-01-01 00:06:23', 'Bùi Việt Lệ', '2022-01-01 01:47:09', '2022-03-06 10:57:22', 1),
('6b45cb9f-6de5-7a17-2d77-d9ebc53aac3d', 'TS712', 'Điện thoại-556', '17120d02-6ab5-3e43-18cb-66948daf6128', '41c2dce0-2c38-3bc6-16cf-9712082ff6cb', '2022-08-14 18:35:12', 420000000.0000, 53, 0.3, 9, 2022, 'Nguyễn Minh Hân', '2022-05-26 04:33:45', 'Nguyễn Văn Diễm', '2022-01-01 00:00:51', '2022-04-15 07:02:44', 1),
('6b550b8f-7ff9-51bc-0f77-d9ebc53aac3d', 'TS215', 'Điện thoại-032', '142cb08f-7c31-21fa-8e90-67245e8b283e', '148ed882-32b8-218e-9c20-39c2f00615e8', '2022-08-14 18:35:12', 470000000.0000, 84, 0.6, 691, 2022, 'Trịnh Tuấn Minh', '2022-04-09 00:54:35', 'Nguyễn Thị Mai', '2022-04-05 19:59:53', '2022-05-25 19:25:31', 1),
('6b76d607-7d60-38a2-5680-7ed9d1ea06ea', 'TS925', 'Ô tô mercedes-921', '142cb08f-7c31-21fa-8e90-67245e8b283e', '57a3f48f-1c1d-1f04-9e20-39c2f00615e8', '2022-08-14 18:35:12', 550000000.0000, 79, 0, 0, 2022, 'Nguyễn Thị Lệ', '2022-01-01 00:00:45', NULL, '2022-06-09 18:10:55', '2022-01-01 00:00:04', 1),
('6b9348f5-1362-7ba5-1235-60b3ebf808a9', 'TS219', 'Máy tính Xách tay-011', '142cb08f-7c31-21fa-8e90-67245e8b283e', '38fae0a4-2a8d-7751-17cf-9712082ff6cb', '2022-08-14 18:35:12', 210000000.0000, 92, 0.9, 81893, 2022, 'Bùi Thị Thành', '2022-04-28 04:29:01', 'Lê Thị Hường', '2022-05-04 17:50:04', '2022-06-10 14:20:37', 1),
('6bb2a723-7c18-1df2-0b35-60b3ebf808a9', 'TS316', 'Máy tính Xách tay-133', '469b3ece-744a-45d5-957d-e8c757976496', '234d2569-6b1c-720c-9f20-39c2f00615e8', '2022-08-14 18:35:12', 320000000.0000, 23, 0.4, 65073, 2022, 'Nguyễn Thị Mai', '2022-02-28 00:49:58', 'Lê Văn Hương', '2022-01-01 00:00:07', '2022-07-19 11:58:40', 1),
('6c5b9fe7-14c9-3bb5-b4d2-89b22d10517e', 'TS765', 'Máy tính Xách tay-243', '142cb08f-7c31-21fa-8e90-67245e8b283e', '1b691e79-236d-5b5a-9d20-39c2f00615e8', '2022-08-14 18:35:12', 260000000.0000, 78, 0.5, 7, 2022, 'Nguyễn Ngọc Hân', '2022-01-01 00:00:06', NULL, '2022-08-03 03:52:05', '2022-01-01 00:15:23', 1),
('6c80a684-1cb5-41af-ff34-60b3ebf808a9', 'TS168', 'Điện thoại-047', '469b3ece-744a-45d5-957d-e8c757976496', '3bad7541-7915-6d1b-34de-23e177779933', '2022-08-14 18:35:12', 770000000.0000, 49, 0.2, 277, 2022, 'Nguyễn Thị Hường', '2022-07-01 01:18:41', 'Nguyễn Việt Ly', '2022-01-01 00:31:40', '2022-03-22 06:44:25', 1),
('6d489b13-7396-7986-1577-d9ebc53aac3d', 'TS800', 'Điện thoại-800', '17120d02-6ab5-3e43-18cb-66948daf6128', '1d3986c3-11ae-3e82-85c0-08fd2f807219', '2022-08-14 18:35:12', 810000000.0000, 29, 0.4, 82264, 2022, 'Bùi Thị Hường', '2022-01-12 19:46:57', 'Nguyễn Thị Ngọc', '2022-01-03 11:07:37', '2022-01-01 00:01:06', 1),
('6d7def1b-4b7e-52aa-8f41-c1ec321fe728', 'TS678', 'Điện thoại-591', '142cb08f-7c31-21fa-8e90-67245e8b283e', '38528581-656f-2902-32de-23e177779933', '2022-08-14 18:35:12', 770000000.0000, 1, 0.5, 12726, 2022, 'Trịnh Thị Trường', '2022-01-01 02:44:10', 'Trịnh Văn Ngọc', NULL, '2022-01-26 14:47:33', 1),
('6dcdb6b6-273a-6aaa-8541-c1ec321fe728', 'TS613', 'Điện thoại-879', '142cb08f-7c31-21fa-8e90-67245e8b283e', '2ea8deee-1b95-2a51-88d5-ba100c6f7bce', '2022-08-14 18:35:12', 560000000.0000, 43, 0.5, 7, 2022, 'Nguyễn Thị Mai', '2022-06-18 07:09:56', 'Nông Thị Hoàng', NULL, '2022-05-16 13:07:18', 1),
('6e3f7a8c-2f78-16a9-36c2-579daad24557', 'TS557', 'Máy tính Xách tay-443', '4e272fc4-7875-78d6-7d32-6a1673ffca7c', '13548f3b-37b7-728f-ff83-196123975cb2', '2022-08-14 18:35:12', 250000000.0000, 65, 0.1, 2, 2022, 'Nguyễn Thị Ngọc', '2022-03-04 11:48:32', NULL, '2022-01-01 02:44:16', '2022-01-01 00:00:09', 1),
('6e5bdc72-59a2-5141-7af6-423b4e874d0f', 'TS592', 'Máy tính Xách tay-582', '4e272fc4-7875-78d6-7d32-6a1673ffca7c', '40480f96-2014-7c36-4c29-a2925c0f334d', '2022-08-14 18:35:12', 210000000.0000, 27, 0.6, 580, 2022, 'Nguyễn Ngọc Mai', '2022-01-06 23:05:47', 'Trân Ngọc Mạnh', '2022-08-05 21:28:13', '2022-05-31 21:44:24', 1),
('6e60b234-643f-288e-7ff6-423b4e874d0f', 'TS986', 'Ô tô mercedes-134', '17120d02-6ab5-3e43-18cb-66948daf6128', '204c0070-4a99-51b1-7209-bf1378b8dc91', '2022-08-14 18:35:12', 190000000.0000, 13, 0, 39, 2022, 'Nguyễn Diễm Mai', '2022-01-01 00:04:17', 'Mai Ngọc Lệ', '2022-01-01 00:00:07', '2022-05-22 02:49:31', 1),
('6f1014db-2ff0-613b-bdd2-89b22d10517e', 'TS683', 'Ô tô mercedes-836', '17120d02-6ab5-3e43-18cb-66948daf6128', '6c2d254c-51c8-2ac9-7409-bf1378b8dc91', '2022-08-14 18:35:12', 320000000.0000, 8, 0.8, 8480, 2022, 'Nguyễn Thị Hường', '2022-07-15 02:00:38', 'Mai Mai Cường', '2022-06-15 13:28:58', '2022-01-01 00:00:06', 1),
('6f51ea57-13b2-139f-1177-d9ebc53aac3d', 'TS803', 'Ô tô mercedes-595', '4e272fc4-7875-78d6-7d32-6a1673ffca7c', '357d7c4e-4b7f-11c2-84c0-08fd2f807219', '2022-08-14 18:35:12', 630000000.0000, 88, 0.1, 126, 2022, 'Trân Minh Ngọc', '2022-05-12 08:04:54', 'Nguyễn Việt Anh', '2022-06-11 13:41:37', '2022-04-17 22:29:06', 1),
('707e1336-6584-55de-8341-c1ec321fe728', 'TS617', 'Điện thoại-635', '142cb08f-7c31-21fa-8e90-67245e8b283e', '5ee2ba7f-49ee-5b09-5cbe-406293204378', '2022-08-14 18:35:12', 640000000.0000, 1, 0.1, 6, 2022, 'Võ Mai Hoàng', '2022-06-16 05:48:14', 'Nguyễn Ngọc Bằng', '2022-01-01 02:08:04', '2022-01-01 00:00:02', 1),
('70aead00-2db5-77f7-2277-d9ebc53aac3d', 'TS854', 'Ô tô mercedes-923', '4e272fc4-7875-78d6-7d32-6a1673ffca7c', '6e98d16d-1cee-3d90-4d29-a2925c0f334d', '2022-08-14 18:35:12', 840000000.0000, 7, 0.2, 22, 2022, 'Võ Thị Cường', '2022-01-01 00:16:14', 'Nguyễn Văn Trường', '2022-04-13 14:17:05', '2022-06-21 23:46:08', 1),
('721b7460-7378-2203-0435-60b3ebf808a9', 'TS748', 'Ô tô mercedes-712', '469b3ece-744a-45d5-957d-e8c757976496', '38528581-656f-2902-32de-23e177779933', '2022-08-14 18:35:12', 440000000.0000, 91, 0.7, 4, 2022, 'Nông Ngọc Hân', '2022-05-15 09:47:34', NULL, '2022-05-17 14:07:51', '2022-08-04 02:44:59', 1),
('72fe5819-3c8c-3651-cad2-89b22d10517e', 'TS580', 'Điện thoại-233', '4e272fc4-7875-78d6-7d32-6a1673ffca7c', '53baae5e-52f2-2642-4a29-a2925c0f334d', '2022-08-14 18:35:12', 610000000.0000, 31, 0.9, 33323, 2022, 'Nguyễn Thị Hương', '2022-03-30 01:45:52', 'Nguyễn Việt Hoa', '2022-07-01 17:34:15', '2022-03-17 07:06:00', 1),
('73dc79e1-1ccb-35a6-0235-60b3ebf808a9', 'TS439', 'Điện thoại-476', '17120d02-6ab5-3e43-18cb-66948daf6128', '57a3f48f-1c1d-1f04-9e20-39c2f00615e8', '2022-08-14 18:35:12', 230000000.0000, 74, 0.4, 54, 2022, 'Nguyễn Thị Loan', '2022-01-01 02:03:38', 'Nguyễn Ngọc Hương', '2022-06-06 12:59:58', '2022-06-12 06:24:17', 1),
('75ec2fe2-5965-48e6-9141-c1ec321fe728', 'TS915', 'Ô tô mercedes-102', '17120d02-6ab5-3e43-18cb-66948daf6128', '2ea8deee-1b95-2a51-88d5-ba100c6f7bce', '2022-08-14 18:35:12', 310000000.0000, 70, 0.1, 65, 2022, 'Mai Thị Lệ', '2022-07-20 01:57:55', 'Nguyễn Tuấn Lệ', '2022-06-13 17:12:47', '2022-01-01 00:07:06', 1),
('762cf9e5-356b-56d7-5f80-7ed9d1ea06ea', 'TS280', 'Máy tính Xách tay-407', '469b3ece-744a-45d5-957d-e8c757976496', '3bad7541-7915-6d1b-34de-23e177779933', '2022-08-14 18:35:12', 540000000.0000, 8, 0.1, 0, 2022, 'Trân Thị Giang', '2022-06-24 10:07:04', 'Nguyễn Việt Thành', '2022-01-23 02:10:12', '2022-01-01 07:35:07', 1),
('7649b7c1-509e-4f94-6580-7ed9d1ea06ea', 'TS716', 'Máy tính Xách tay-288', '4e272fc4-7875-78d6-7d32-6a1673ffca7c', '2c6981c9-286a-4e7b-88c0-08fd2f807219', '2022-08-14 18:35:12', NULL, 27, 0.9, 87, 2022, 'Nguyễn Thị Giang', '2022-06-08 08:45:02', 'Nguyễn Ngọc Hiếu', '2022-01-01 00:00:24', '2022-01-09 03:50:00', 1),
('76b3b772-27f3-37bf-75f6-423b4e874d0f', 'TS149', 'Máy tính Xách tay-191', '142cb08f-7c31-21fa-8e90-67245e8b283e', '26de5798-48e1-14d3-9f0b-87ae14180c33', '2022-08-14 18:35:12', 830000000.0000, 90, 0, 4, 2022, 'Nguyễn Thị Tuấn', '2022-01-01 09:18:00', 'Nguyễn Tuấn Thuận', '2022-01-01 00:00:04', '2022-01-01 00:00:02', 1),
('76cc3313-3932-7e97-4635-0028ed526dd0', 'TS165', 'Ô tô mercedes-282', '469b3ece-744a-45d5-957d-e8c757976496', '2535c718-4dd9-311b-8cd5-ba100c6f7bce', '2022-08-14 18:35:12', 530000000.0000, 4, 0.2, 90, 2022, 'Hoàng Minh Ngọc', '2022-01-01 16:31:55', 'Nguyễn Ngọc Trường', '2022-06-23 23:11:01', '2022-01-01 00:00:07', 1),
('778c67bd-6967-345e-2e77-d9ebc53aac3d', 'TS032', 'Ô tô mercedes-449', '469b3ece-744a-45d5-957d-e8c757976496', '38528581-656f-2902-32de-23e177779933', '2022-08-14 18:35:12', 700000000.0000, 52, 0.6, 1, 2022, 'Nguyễn Thị Bằng', '2022-02-10 05:43:59', 'Hoàng Tuấn Hân', '2022-07-09 05:21:56', '2022-05-27 17:59:17', 1),
('77d03350-6ba4-226c-77f6-423b4e874d0f', 'TS642', 'Điện thoại-785', '4e272fc4-7875-78d6-7d32-6a1673ffca7c', '6e98d16d-1cee-3d90-4d29-a2925c0f334d', '2022-08-14 18:35:12', 810000000.0000, 33, 0.8, 56690, 2022, 'Võ Thị Minh', '2022-07-04 08:38:01', 'Bùi Tuấn Hương', '2022-05-07 06:44:25', '2022-03-11 19:59:56', 1),
('78b1d514-338c-3cdc-8641-c1ec321fe728', 'TS951', 'Điện thoại-589', '469b3ece-744a-45d5-957d-e8c757976496', '2cc5723c-56c3-7df9-8bd5-ba100c6f7bce', '2022-08-14 18:35:12', 860000000.0000, 6, 0, 2, 2022, 'Võ Thị Hân', '2022-05-12 22:32:10', 'Nguyễn Thái Hoa', '2022-02-05 00:40:21', '2022-06-05 23:24:49', 1),
('7976650d-4e86-2615-8c41-c1ec321fe728', 'TS424', 'Điện thoại-890', '17120d02-6ab5-3e43-18cb-66948daf6128', '25c6c36e-1668-7d10-6e09-bf1378b8dc91', '2022-08-14 18:35:12', 260000000.0000, 12, 0.5, 77, 2022, 'Nguyễn Việt Ngọc', '2022-01-01 00:01:30', 'Hoàng Ngọc Thái', '2022-01-20 13:52:56', '2022-01-06 15:12:29', 1),
('79806d6f-4830-6311-2577-d9ebc53aac3d', 'TS891', 'Máy tính Xách tay-761', '17120d02-6ab5-3e43-18cb-66948daf6128', '2cc5723c-56c3-7df9-8bd5-ba100c6f7bce', '2022-08-14 18:35:12', 330000000.0000, 45, 0.5, 7, 2022, 'Nông Minh Mai', '2022-07-18 11:23:06', 'Mai Văn Ly', '2022-06-17 04:08:49', '2022-01-01 00:00:19', 1),
('79dadd0d-69fa-5e30-35c2-579daad24557', 'TS141', 'Điện thoại-824', '469b3ece-744a-45d5-957d-e8c757976496', '4a4a8c90-2e57-215e-58be-406293204378', '2022-08-14 18:35:12', 320000000.0000, 88, 0.9, 258, 2022, 'Lê Ngọc Trường', '2022-08-08 11:58:44', NULL, '2022-04-29 11:41:26', '2022-04-22 03:24:57', 1),
('7a1114ad-76c4-3734-1f77-d9ebc53aac3d', 'TS859', 'Điện thoại-358', '469b3ece-744a-45d5-957d-e8c757976496', '7c94355d-4702-3a9b-5abe-406293204378', '2022-08-14 18:35:12', NULL, 56, 0.8, 6, 2022, 'Nông Thái Hiếu', '2022-08-10 02:46:13', 'Hoàng Thị Linh', '2022-04-24 16:07:32', '2022-01-01 00:05:53', 1),
('7a301ea4-331e-73f6-1a77-d9ebc53aac3d', 'TS187', 'Máy tính Xách tay-022', '142cb08f-7c31-21fa-8e90-67245e8b283e', '486f3705-5928-5b0d-15cf-9712082ff6cb', '2022-08-14 18:35:12', 730000000.0000, 1, 0.4, 43, 2022, 'Nguyễn Ngọc Ngọc', '2022-08-09 08:14:00', 'Mai Thị Minh', '2022-01-01 00:06:04', '2022-02-15 15:30:34', 1),
('7a3fbd10-76db-716b-48c2-579daad24557', 'TS665', 'Ô tô mercedes-135', '4e272fc4-7875-78d6-7d32-6a1673ffca7c', '7c94355d-4702-3a9b-5abe-406293204378', '2022-08-14 18:35:12', 160000000.0000, 17, 0.9, 8, 2022, 'Nguyễn Tuấn Trường', '2022-03-28 06:10:48', 'Lê Thái Thuận', '2022-04-19 10:28:09', '2022-07-04 07:53:35', 1),
('7ad34860-1ac8-7ad7-d01d-086412a8ea97', 'TS385', 'Ô tô mercedes-782', '469b3ece-744a-45d5-957d-e8c757976496', '1f94a596-32c4-2a29-8ad5-ba100c6f7bce', '2022-08-14 18:35:12', 220000000.0000, 82, 0.8, 902, 2022, 'Nguyễn Tuấn Cường', '2022-01-25 23:11:31', 'Trân Thị Mai', '2022-01-01 00:09:08', '2022-06-18 15:34:31', 1),
('7b666cc3-1b67-6037-67f6-423b4e874d0f', 'TS045', 'Điện thoại-134', '17120d02-6ab5-3e43-18cb-66948daf6128', '1d3986c3-11ae-3e82-85c0-08fd2f807219', '2022-08-14 18:35:12', 990000000.0000, 8, 0.9, 165, 2022, 'Mai Minh Loan', '2022-06-20 17:02:38', 'Mai Văn Tuấn', '2022-01-01 00:00:07', '2022-02-26 10:17:49', 1),
('7bc9331d-7764-5dd7-80f6-423b4e874d0f', 'TS282', 'Ô tô mercedes-802', '17120d02-6ab5-3e43-18cb-66948daf6128', '182ac03d-3bc5-1d27-7309-bf1378b8dc91', '2022-08-14 18:35:12', 700000000.0000, 91, 0.7, 487, 2022, 'Trịnh Thị Mạnh', '2022-04-07 18:17:25', NULL, '2022-06-01 05:38:50', '2022-06-19 21:02:52', 1),
('7bd9cf39-3f55-3a7b-0035-60b3ebf808a9', 'TS319', 'Máy tính Xách tay-623', '17120d02-6ab5-3e43-18cb-66948daf6128', '148ed882-32b8-218e-9c20-39c2f00615e8', '2022-08-14 18:35:12', 240000000.0000, 27, 0.7, 8, 2022, 'Trịnh Thị Cường', '2022-07-07 11:05:45', 'Nông Tuấn Mạnh', '2022-07-21 01:26:32', '2022-07-21 16:36:27', 1),
('7c1ae6ac-6c72-7436-2dc2-579daad24557', 'TS132', 'Máy tính Xách tay-800', '142cb08f-7c31-21fa-8e90-67245e8b283e', '22f29725-54f0-11f0-9d0b-87ae14180c33', '2022-08-14 18:35:12', 940000000.0000, 23, 0.2, 65448, 2022, 'Nguyễn Thị Ly', '2022-01-01 00:00:02', NULL, '2022-05-15 06:04:26', '2022-01-01 00:30:52', 1),
('7c59ba0b-4768-4115-3477-d9ebc53aac3d', 'TS145', 'Máy tính Xách tay-677', '142cb08f-7c31-21fa-8e90-67245e8b283e', '28018b36-16ff-393b-a020-39c2f00615e8', '2022-08-14 18:35:12', 680000000.0000, 58, 0.4, 322, 2022, 'Nguyễn Minh Giang', '2022-01-01 00:00:02', NULL, NULL, '2022-06-08 03:10:52', 1),
('7c6c70d9-2ed5-49d8-81f6-423b4e874d0f', 'TS430', 'Máy tính Xách tay-956', '17120d02-6ab5-3e43-18cb-66948daf6128', '4a4a8c90-2e57-215e-58be-406293204378', '2022-08-14 18:35:12', 240000000.0000, 29, 0.4, 7, 2022, 'Mai Thái Anh', '2022-04-27 02:42:39', 'Mai Thị Hoa', NULL, '2022-03-05 14:19:43', 1),
('7c86746a-4284-356e-e11d-086412a8ea97', 'TS324', 'Ô tô mercedes-251', '17120d02-6ab5-3e43-18cb-66948daf6128', '53baae5e-52f2-2642-4a29-a2925c0f334d', '2022-08-14 18:35:12', 740000000.0000, 98, 0.9, 4, 2022, 'Lê Thị Giang', '2022-01-01 02:11:39', 'Hoàng Thái Thành', '2022-08-04 09:50:26', '2022-07-08 12:20:59', 1),
('7d7c8cbb-3c1b-7e12-6680-7ed9d1ea06ea', 'TS161', 'Ô tô mercedes-323', '469b3ece-744a-45d5-957d-e8c757976496', '53baae5e-52f2-2642-4a29-a2925c0f334d', '2022-08-14 18:35:12', 670000000.0000, 22, 0.4, 8, 2022, 'Nguyễn Thị Hoa', '2022-03-27 01:02:15', 'Trịnh Minh Ngọc', '2022-04-10 20:21:38', '2022-01-01 00:01:07', 1),
('7d817578-2d6f-7bd4-9841-c1ec321fe728', 'TS410', 'Ô tô mercedes-634', '4e272fc4-7875-78d6-7d32-6a1673ffca7c', '3b86d2ed-446c-5fce-56be-406293204378', '2022-08-14 18:35:12', 710000000.0000, 18, 0.6, 67366, 2022, 'Lê Thị Thái', '2022-04-25 21:55:37', 'Nguyễn Thị Ly', '2022-01-01 01:40:33', '2022-02-24 13:57:53', 1),
('7d879258-5ccb-11d6-e31d-086412a8ea97', 'TS670', 'Ô tô mercedes-641', '142cb08f-7c31-21fa-8e90-67245e8b283e', '749af78e-699e-5d1e-7109-bf1378b8dc91', '2022-08-14 18:35:12', 950000000.0000, 47, 0.1, 587, 2022, 'Mai Việt Hoàng', '2022-01-01 00:00:11', 'Trân Thị Mai', '2022-01-01 00:15:07', '2022-04-26 23:59:38', 1),
('7dc15ff7-7a2b-68a9-9941-c1ec321fe728', 'TS405', 'Điện thoại-781', '4e272fc4-7875-78d6-7d32-6a1673ffca7c', '15d0d796-1465-4665-fc83-196123975cb2', '2022-08-14 18:35:12', 880000000.0000, 61, 0.7, 37352, 2022, 'Mai Minh Hiếu', '2022-01-01 00:00:32', 'Nguyễn Diễm Hường', '2022-02-17 01:49:42', '2022-01-01 09:49:33', 1),
('7e61a689-2cd8-340e-2677-d9ebc53aac3d', 'TS082', 'Ô tô mercedes-720', '469b3ece-744a-45d5-957d-e8c757976496', '7c94355d-4702-3a9b-5abe-406293204378', '2022-08-14 18:35:12', 130000000.0000, 49, 0.5, 55105, 2022, 'Bùi Thị Mạnh', '2022-03-25 23:46:23', 'Nguyễn Thị Giang', '2022-06-07 04:27:49', '2022-01-01 00:00:03', 1),
('7eebdc34-6c41-1ab4-5735-0028ed526dd0', 'TS976', 'Ô tô mercedes-287', '142cb08f-7c31-21fa-8e90-67245e8b283e', '4931f441-237d-4e19-9e0b-87ae14180c33', '2022-08-14 18:35:12', 900000000.0000, 45, 0.3, 94742, 2022, 'Nguyễn Tuấn Giang', '2022-02-04 17:23:05', 'Trịnh Văn Mạnh', NULL, '2022-01-01 00:00:50', 1),
('7f1b6c7c-2b74-3ebb-31c2-579daad24557', 'TS326', 'Ô tô mercedes-542', '142cb08f-7c31-21fa-8e90-67245e8b283e', '5c9f5f1a-6f5c-49cc-59be-406293204378', '2022-08-14 18:35:12', 670000000.0000, 37, 0.2, 93, 2022, 'Nguyễn Thái Giang', '2022-04-10 23:50:48', 'Mai Tuấn Mạnh', '2022-01-01 00:01:40', '2022-07-26 14:01:12', 1);

-- 
-- Restore previous SQL mode
-- 
/*!40101 SET SQL_MODE=@OLD_SQL_MODE */;

-- 
-- Enable foreign keys
-- 
/*!40014 SET FOREIGN_KEY_CHECKS = @OLD_FOREIGN_KEY_CHECKS */;